Rank,Player,Player_ID,Points
1,Sinner Jannik,6HdC3z4H,11330
2,Zverev Alexander,dGbUhw9m,7945
3,Alcaraz Carlos,UkhgIFEq,6910
4,Fritz Taylor,UH09iaZ6,4900
5,Djokovic Novak,AZg49Et9,3860
6,Ruud Casper,zN9UpRqp,3855
7,Draper Jack,SWxNhpmK,3800
8,Medvedev Daniil,O8qG0Nhb,3680
9,Rublev Andrey,AeAn4gP0,3440
10,Tsitsipas Stefanos,hb6oWfc6,3405
11,De Minaur Alex,EZgZ9Xfh,3335
12,Rune Holger,2kRS8swG,3270
13,Paul Tommy,pd3ye1BS,3030
14,Shelton Ben,QNuG0Gzb,2980
15,Dimitrov Grigor,SQgEEKh4,2745
16,Musetti Lorenzo,xtH2ODVI,2650
17,Tiafoe Frances,AHDLJaph,2485
18,Fils Arthur,IoIhUqIN,2480
19,Auger-Aliassime Felix,CzXh4LAb,2415
20,Humbert Ugo,O4ywE5Ah,2375
21,Machac Tomas,S44E7UYr,2310
22,Hurkacz Hubert,zuHOBnY9,2205
23,Khachanov Karen,4bNPtZT5,2000
24,Cerundolo Francisco,lWQ3G6gB,1925
25,Korda Sebastian,SYklCTPO,1860
26,Popyrin Alexei,fJjLpuNq,1800
27,Lehecka Jiri,6PlgfXKR,1745
28,Shapovalov Denis,zXddgn9o,1716
29,Mpetshi Perricard Giovanni,ITe9m2F8,1656
30,Berrettini Matteo,OhwtM7N8,1580
31,Tabilo Alejandro,YgVnM5vO,1555
32,Nakashima Brandon,ETGnbrpH,1500
33,Michelsen Alex,nDIhfm9l,1465
34,Griekspoor Tallon,f3zfMU5i,1420
35,Arnaldi Matteo,hlVLAfZK,1410
36,Baez Sebastian,dd8jLjtO,1385
37,Thompson Jordan,8pwfoWMP,1375
38,Sonego Lorenzo,zVuMEJTT,1356
39,Davidovich Fokina Alejandro,0zQXLfz4,1325
40,Martinez Pedro,WtiN88eD,1295
41,Muller Alexandre,nLLdS9q0,1287
42,Borges Nuno,hzbEPIOa,1280
43,Cobolli Flavio,zDtaCcPe,1280
44,Etcheverry Tomas Martin,AXL5qpKa,1275
45,Giron Marcos,OWOgryOk,1240
46,Monfils Gael,fm7G8o0m,1230
47,Jarry Nicolas,W24W9IyU,1165
48,Kecmanovic Miomir,MTQ5CPOR,1161
49,Struff Jan-Lennard,Ek3bDDo2,1160
50,Bautista-Agut Roberto,riOJC5jb,1089
51,Bergs Zizou,SbeTx1o8,1065
52,Zhang Zhizhen,IFKEHRGG,1055
53,Carballes Baena Roberto,hj8fIZPg,1051
54,Mensik Jakub,UFj257G8,1042
55,Goffin David,bqic8RxG,1003
56,Munar Jaume,zZieQm4D,992
57,Halys Quentin,EDve8Ljh,981
58,Shang Juncheng,tvjTgE3J,975
59,Marozsan Fabian,I1mux0lj,965
60,Fonseca Joao,tv073LUc,955
61,Darderi Luciano,jeXTxMIp,945
62,Navone Mariano,YoPUeL3o,925
63,Bonzi Benjamin,M5OpGHqH,920
64,Nishikori Kei,YNkOjUIB,873
65,Ugo Carabelli Camilo,KWdgY7Bq,870
66,Tien Learner,xUHOBJK6,867
67,Comesana Francisco,SxKK0RUD,866
68,Nishioka Yoshihito,neAMoGXa,859
69,Bu Yunchaokete,Qabjt3Y5,855
70,Dzumhur Damir,hMrlbuuQ,852
71,Safiullin Roman,IBpggNog,851
72,Bellucci Mattia,M9pojLqi,838
73,Medjedovic Hamad,nDcBkcu7,829
74,Rinderknech Arthur,pIxZZsof,821
75,Djere Laslo,4GGnypTh,821
76,Moutet Corentin,bX0EWcV9,814
77,Vukic Aleksandar,O2CmIROi,814
78,O'Connell Christopher,SptFeDiE,805
79,Kovacevic Aleksandar,AudsF90U,800
80,Bublik Alexander,t0WN9vR6,785
81,Norrie Cameron,pvzhJGY8,784
82,Altmaier Daniel,IPR8h9gM,783
83,Fearnley Jacob,pGBaKGOn,770
84,Nardi Luca,pfrQxVu7,762
85,Van De Zandschulp Botic,YwiLpILD,760
86,Hijikata Rinky,f9eT4NTQ,752
87,Diallo Gabriel,2TgBLj6G,730
88,Gaston Hugo,hGqnSub7,711
89,Walton Adam,jNRjAU1U,666
90,Fucsovics Marton,GhQFzFli,666
91,Collignon Raphael,xzJGXJ6t,652
92,Faria Jaime,ETojuYQP,649
93,Kokkinakis Thanasi,rBm7dcxH,648
94,Passaro Francesco,6iHVMexn,646
95,Duckworth James,2JWHPUUb,638
96,Seyboth Wild Thiago,pO9zJCv1,617
97,Fognini Fabio,OEmFxtMq,607
98,Shevchenko Alexander,jTIB3FIA,598
99,Monteiro Thiago,YqLucTlj,590
100,Basavareddy Nishesh,rqtJueQt,585
101,McDonald Mackenzie,WWi3O0v6,575
102,Kotov Pavel,809HrNqi,573
103,Dellien Hugo,fkLRaqYe,566
104,Eubanks Christopher,roxxrh4k,563
105,De Jong Jesper,8jStUWzB,562
106,Pouille Lucas,ro2eiAkm,559
107,Harris Billy,G0X2O6XR,558
108,Lajovic Dusan,bJf33z45,555
109,Carreno-Busta Pablo,W8WmcXdq,554
110,Galan Daniel Elahi,jgzV6009,532
111,Boyer Tristan,lYHOmg6t,531
112,Coric Borna,QZdb3dWH,530
113,Hanfmann Yannick,zLJYYbhm,529
114,Opelka Reilly,fqKkCJdJ,529
115,Tseng Chun Hsin,SlYNMbDS,529
116,Holt Brandon,GtTV1GfD,528
117,Tirante Thiago Agustin,jBkGDj34,512
118,Cazaux Arthur,bJR9AFq5,508
119,Daniel Taro,h4fpmGci,485
120,Majchrzak Kamil,fPZlNrGS,482
121,Royer Valentin,IFGPWCuI,482
122,Kopriva Vit,EHGKxKDL,481
123,Moreno De Alboran Nicolas,OGLM2tDB,468
124,Coria Federico,vJdE1Bg7,466
125,Ritschard Alexander,ELceBHcR,466
126,Cerundolo Juan Manuel,A93TM7BR,461
127,Kovalik Jozef,dAbTjNiB,460
128,Purcell Max,GMK1R241,456
129,Schoolkate Tristan,hn8XQkiU,450
130,Kym Jerome,0dNeJ8OB,449
131,Ofner Sebastian,h6vs3iR2,448
132,Mayot Harold,jPfM16Z1,445
133,Virtanen Otto,hnYnFaTm,440
134,Spizzirri Eliot,tSMeRRDm,434
135,Quinn Ethan,fDEtnFgg,432
136,Garin Cristian,U73k5I15,431
137,Burruchaga Roman Andres,CE7B5N90,430
138,Gomez Federico Agustin,SCQXS9So,429
139,Nagal Sumit,46aHbwDc,428
140,Diaz Acosta Facundo,AsRYv2m2,423
141,Krueger Mitchell,j9Kf20T0,416
142,Harris Lloyd,YyK3wlb0,416
143,Cilic Marin,nLoK5syL,413
144,Basilashvili Nikoloz,Kb8ttRy2,412
145,Mannarino Adrian,fLOdtByM,411
146,Landaluce Martin,AoOnGZEp,411
147,Koepfer Dominik,AmrI05YH,398
148,Gasquet Richard,GxY5TctR,398
149,Barrios Vera Tomas,Ewzudtxk,388
150,Herbert Pierre-Hugues,vD0zNRBM,383
151,Jacquet Kyrian,KGKot0sk,376
152,Heide Gustavo,6krWmGif,375
153,Moro Canas Alejandro,MkI9xkTq,375
154,Uchiyama Yasutaka,vD2Ddcni,375
155,Mochizuki Shintaro,KrwvlzXb,374
156,Moller Elmer,SU8MMreH,370
157,Barrere Gregoire,GMcjaMop,367
158,Blanchet Ugo,pSmNT7D2,360
159,Galarneau Alexis,EHhqit59,359
160,Kukushkin Mikhail,OSUB7Jy0,358
161,Rocha Henrique,b7jXvxef,358
162,Ficovich Juan Pablo,WpchB57t,356
163,Blockx Alexander,xll0TzGG,354
164,Trungelliti Marco,dQJqWoGg,354
165,Svrcina Dalibor,vDue624T,351
166,Klein Lukas,O49b2LJR,350
167,Ajdukovic Duje,n11bz7QK,345
168,Wawrinka Stan,Uo9lu6le,339
169,Hemery Calvin,fse58iGB,337
170,Taberner Carlos,EcdVVulk,332
171,Tu Li,6JHGYtjI,331
172,Huesler Marc-Andrea,4YcyuHl1,330
173,Kachmazov Alibek,Yko3C909,330
174,van Assche Luca,nP9K42Bg,329
175,Skatov Timofey,h6n0i9iE,328
176,Meligeni Alves Felipe,rLEXNv74,320
177,Habib Hady,baBp6CDD,320
178,Choinski Jan,Es82hMVD,319
179,Draxl Liam,IiUa42eG,318
180,Atmane Terence,6mkEQ279,317
181,Trotter James Kent,n15mxYdM,317
182,Wong Chak Lam Coleman,zJqvgzz6,312
183,Evans Daniel,Ya9jkSU5,311
184,McCabe James,2uDohcK5,310
185,Gigante Matteo,r3iKpV0F,306
186,Mena Facundo,GALIwHH5,306
187,Vallejo Adolfo Daniel,U5RiWEZu,306
188,Shimabukuro Sho,86URR6MP,304
189,Albot Radu,OnoPKE7m,303
190,Mejia Nicolas,QcT8wHe4,302
191,Lestienne Constant,OluISvVP,299
192,Bolt Alex,APTOWTED,297
193,Bouquier Arthur,CUPnYxhl,297
194,Gaubas Vilius,j3oO3m94,295
195,Karatsev Aslan,WYVhbvBF,292
196,Shimizu Yuta,MmFrgePQ,291
197,Rodionov Jurij,CKjcTLz1,290
198,Collarini Andrea,zuoQSpCN,290
199,Brouwer Gijs,MwKZZs1c,289
200,Holmgren August,QTqxSQsj,287
201,Butvilas Edas,dzjDrygR,285
202,Smith Colton,IHCZRRUJ,284
203,Svajda Zachary,vynGYhMa,284
204,Grenier Hugo,dQsvQVYi,283
205,Lajal Mark,2q51si8O,282
206,Dougaz Aziz,0YI8tRD1,277
207,Hassan Benjamin,W66euka4,277
208,Squire Henri,rHjMHCoj,276
209,Neumayer Lukas,4ffrgw5a,273
210,Marterer Maximilian,S8iqjxWH,271
211,Onclin Gauthier,dtG17O9l,270
212,Droguet Titouan,A57Xet1f,265
213,Escoffier Antoine,GEizcmDF,265
214,Watanuki Yosuke (1998),Wnd2lAr6,264
215,Zhukayev Beibit,pxo4hgC3,263
216,Buse Ignacio,A1LQjAPb,261
217,Jubb Paul,EqHBaC5N,260
218,Ruusuvuori Emil,MRVzCh5U,258
219,Tomic Bernard,fVQY2TUC,258
220,Arnaboldi Federico,pjpMXa88,257
221,Sultanov Khumoyun,QTHn3MYj,256
222,Dellien Velasco Murkel Alejandro,tGnlFo7P,256
223,Cassone Murphy,O4aHjdoE,252
224,Kasnikowski Maks,IozAI7OM,250
225,Ramos-Vinolas Albert,bHLexrv0,249
226,Hsu Yu Hsiou,WxwHu3lG,245
227,Noguchi Rio,fa2H5LnC,245
228,Rincon Daniel,67MpdccF,240
229,Pacheco Mendez Rodrigo,lfCDHN1s,240
230,Wu Tung-Lin,roESOGVH,238
231,Andreev Adrian,8zKQSxfi,236
232,Hong Seong Chan,zFBwTnJ4,235
233,Debru Gabriel,OQ5qBfOB,235
234,Jasika Omar,lOWZLw6o,234
235,Nava Emilio,AJGo8fir,231
236,Varillas Juan Pablo,SdnbvebA,231
237,Gengel Marek,bFThaUAS,230
238,Vavassori Andrea,EVknmLDE,229
239,Couacaud Enzo,E1tb37ao,229
240,Rehberg Max Hans,8AjWdU1N,229
241,Jianu Filip Cristian,CpC7C67k,227
242,Bai Yan,WvdnBOBU,226
243,Barranco Cosano Javier,40tI0oyF,226
244,Soto Matias,ChWlBYr1,225
245,Popko Dmitry,vaYnE8tL,225
246,Misolic Filip,CfH4SF3G,224
247,Hardt Nick,QaQOIXla,224
248,Durasovic Viktor,Wv6uZNr5,224
249,Wolf Jeffrey John,f5Zc3wW6,221
250,Ferreira Silva Frederico,hC8yrUdb,220
251,Napolitano Stefano,pKG0p9mP,219
252,Roca Batalla Oriol,Auos4BEK,219
253,Gueymard Wayenburg Sascha,OdbfkgxD,219
254,Andrade Andres,fLLaEvj2,216
255,Martin Tiffon Pol,j52KZBSr,216
256,Rodesch Chris,W4Zy6yMb,215
257,Guillen Meza Alvaro,6HCUWrxA,215
258,Yevseyev Denis,p2DCoR3r,215
259,Den Ouden Guy,Gh8e3v78,213
260,Oliveira Goncalo,fRdMEMmI,213
261,Ymer Elias,GhVfMwlD,212
262,Martineau Matteo,IDkmT0Hj,211
263,Pellegrino Andrea,ENPUiYgk,210
264,Bueno Gonzalo,UZR4t48n,210
265,Vacherot Valentin,rFqoSYd8,208
266,Piros Zsombor,2BC3jj8o,203
267,Sanchez Jover Carlos,fLXWkLuE,203
268,Chidekh Clement,E1Wpe7Co,203
269,Giustino Lorenzo,8OSeMYq1,203
270,Shelbayh Abedallah,AZ4zdtZb,201
271,Bertrand Robin,2mcblDiJ,201
272,Stricker Dominic,zViwxgir,199
273,Sharipov Marat,GtQpXmDE,197
274,Torres Juan Bautista,p2teWfrT,197
275,Sell Karue,pKOqdm4d,195
276,Houkes Max,00P4vHo8,193
277,Sun Fajing,nX9b6kfH,192
278,Janvier Maxime,S4riPNES,190
279,Kuzmanov Dimitar,WEwUtEGs,190
280,Travaglia Stefano,KAYoXgme,190
281,Maestrelli Francesco,jsdn0W9I,189
282,Simakin Ilia,OOU52gdD,188
283,Mayo Aidan,2mEGNcVp,188
284,Erhard Mathys,ngZLM7eO,187
285,Bertola Remy,OWVm6y0g,187
286,Cachin Pedro,YL7Z0Lq0,186
287,Mmoh Michael,dCvHbO15,186
288,Monday Johannus,AZ8DoX8b,186
289,Zahraj Patrick,lbaTxENF,186
290,Blancaneaux Geoffrey,EFwAtztn,184
291,Sels Jelle,b98aFqya,183
292,Alves Mateus (2001),Ao5rMlse,181
293,Riedi Leandro,xWqoD8zh,180
294,Dodig Matej,2wbou5PR,179
295,Poljicak Mili,COLpkwNk,179
296,Klizan Martin,U5DFj5Xg,177
297,Negritu Christoph,vseRxk6I,177
298,Clarke Jay,pWyUazPi,177
299,Ellis Blake,jZBNKio1,177
300,Berankis Ricardas,n5UoA5NP,175
301,Guinard Manuel,Yi4YPuke,174
302,Prado Angelo Juan Carlos,0vH8F28D,174
303,Geerts Michael,jVP5NQJK,174
304,Alvarez Varona Nicolas,E1063J6l,173
305,Gea Arthur,M5Nr6FTR,173
306,Budkov Kjaer Nicolai,Gj3CGbX5,172
307,Midon Lautaro,t6jmJKD3,172
308,Ovcharenko Oleksandr,S6c1hQe6,170
309,Schwaerzler Joel Josef,0W4qKuuF,170
310,Rodriguez Taverna Santiago,j96bbAfd,170
311,Broom Charles,pblgp6C1,169
312,Pavlovic Luka,Mkf0LF4j,168
313,Cui Jie,8vpMjg1k,168
314,Dalla Valle Enrico,be9jPNnl,168
315,Berrettini Jacopo,lG0YbDkR,167
316,Kirkin Ergi,GAW9kDss,167
317,Brunold Mika,AqiRBgj5,166
318,Gakhov Ivan,KWlcYfH2,166
319,Vatutin Alexey,SfMud4es,164
320,Prihodko Oleg,Qku8VLoC,163
321,Dutra Da Silva Daniel,fcfe6yoB,162
322,Cressy Maxime,MaNZAMHS,161
323,Molleker Rudolf,6RBmhB5N,161
324,Olivieri Genaro Alberto,lnHtsdAT,160
325,Coppejans Kimmer,67EJxseJ,159
326,Langmo Christian,GfOtYH8n,159
327,Denolly Corentin,hbtADxXG,159
328,Zeppieri Giulio,UkpY2sR5,158
329,Lock Benjamin,SIBro5R7,158
330,Sakamoto Rei,AeBHWNls,157
331,Coulibaly Eliakim,fDyAJ1Qn,157
332,Elias Gastao,pWUxlkbN,157
333,Martin Andrej,UXiCkoiq,156
334,Zapata Miralles Bernabe,db9LlbLI,156
335,Chazal Maxime,0YR4Uukr,156
336,Marti Pujolras Alex,dxjELWFL,156
337,Novak Dennis,dCXcom4e,154
338,Imamura Masamichi,n7tjloOD,154
339,Rosenkranz Mats,tYgxYrjJ,153
340,Paul Jakub,l2BOTfoQ,152
341,Vincent Ruggeri Samuel,Y7drHogh,151
342,Merida Aguilar Daniel,WOtXbAu5,150
343,Schwartzman Diego,lxOVoutC,149
344,Michalski Daniel,hbOTyYSO,148
345,Pucinelli de Almeida Matheus,6J1eXqaF,148
346,Prizmic Dino,YcluY2Zi,147
347,Mager Gianluca,trJVIrf4,146
348,Soriano Barrera Adria,xCD2BANp,146
349,Sanchez Izquierdo Nikolas,6gnbtDJM,146
350,Cecchinato Marco,4zpGaSnG,145
351,Sakamoto Pedro,E9z4tGK2,145
352,Sekulic Philip,Wtdzeazm,144
353,Engel Justin,0jZZcT1N,144
354,Topo Marko,UJf3ehr1,144
355,Vesely Jiri,MZOsgqwe,144
356,Cretu Cezar,0xqR9dG1,143
357,Picchione Andrea,UgYMlRTa,143
358,Pinnington Jones Jack,jRDvhb4q,142
359,Peniston Ryan,E7o4KyVI,141
360,Mikrut Luka,Wv7XRRCI,141
361,Kodat Toby,MglLDWmj,141
362,Nakagawa Naoki,zZkuhcIL,140
363,Tabur Clement,fHPZtbgE,139
364,Ionel Nicholas David,rZoAMC0F,139
365,Bar Biryukov Petr,KtZmtx2f,138
366,van Wyk Kris,jeDGVoLd,138
367,Crawford Oliver,2VE4Ko5r,137
368,Uchida Kaichi,CWzmZ02f,137
369,Zhou Yi,SbSmfis2,136
370,Polmans Marc,2TDsBEcH,136
371,Barton Hynek,UoDybC2H,136
372,Kwon Soonwoo,pKuUGzw2,135
373,Olivo Renzo,xftLMguk,135
374,Henning Philip,UoCPYDYg,134
375,Roncadelli Franco,Aw1hl8Sn,134
376,Sachko Vitaliy,48tkf3Wn,133
377,Strombachs Robert,vkHiVp09,133
378,Ambrogi Luciano Emanuel,zuhsTKYK,133
379,Boitan Gabi Adrian,0Y4LAw2l,131
380,Reis Da Silva Joao Lucas,0fnJ8Cja,130
381,Fonio Giovanni,GnIfbWHR,130
382,Hussey Giles,8AO4DtCh,128
383,Kozlov Stefan,hI2zuuMo,128
384,Kopp Sandro,juk28X9Q,128
385,Ilagan Andre,GbjJTs06,127
386,Llamas Ruiz Pablo,QTqDJ1gP,126
387,Zakharov Alexey,z5zQWPlr,126
388,Pennaforti Gabriele,SxwJ0Dpr,125
389,Kubler Jason,Ua0d9NLL,124
390,Searle Henry,pxCBWTvS,123
391,Nanda Govind,YybLIQyl,122
392,Johns Garrett,r9hKDU3U,122
393,Dellavedova Matthew,0AnInLXj,122
394,Gerasimov Egor,v5mY2VHL,121
395,Glinka Daniil,bimjKJAE,121
396,Campana Lee Gerard,vkMPd6E0,121
397,Lingua Lavallen Alejo Lorenzo,8tL6uZFb,120
398,Marmousez Lilian,2q0LOTtF,120
399,Kolar Zdenek,rwvvD1sO,120
400,Bagnis Facundo,WpBznQ9s,119
401,Gombos Norbert,bDFSqjSo,119
402,Nijboer Ryan,Yexh5F5g,119
403,Bouzige Moerani,M1nh93mm,119
404,Kuhn Nicola,Iux6BbzO,118
405,Samrej Kasidit,rHpmZ6Vg,118
406,Vrbensky Michael,CAHWb37o,118
407,Fery Arthur,SKxbA6KA,117
408,Seggerman Ryan,YqIc03QP,117
409,Alcala Gurri Max,pISmOkA6,117
410,Villanueva Gonzalo,OQxrsJs8,117
411,Justo Guido Ivan,CjaTkiTr,117
412,Matusevich Anton,MZ72o2uf,116
413,Maloney Patrick,O0rbwCc1,116
414,Fatic Nerman,QZIFxzuF,116
415,Araujo Pedro,pWn0oS7f,116
416,Agamenone Franco,E9dx5gGD,115
417,Weis Alexander,WrQG2Nqo,115
418,De Loore Joris,hfRpvqB0,114
419,Karlovskiy Evgeny,dbMa7RZA,114
420,Ursu Vadym,ENsOeB1H,114
421,Wu Yibing,8ASNvPfK,113
422,Casanova Hernan,nDzZi0PI,113
423,Tiurnev Evgenii,GOP8Y3Rf,113
424,Kypson Patrick,8W9dxtVO,113
425,Zink Tyler,prfZnfX1,112
426,Gojo Borna,px9AXG3g,111
427,Gray Alastair,2PmpIG6p,111
428,Braswell Micah,8MKxjn4e,111
429,Piraino Gabriele,2VTqlA8l,111
430,Jorda Sanchis David,plc0lDOK,110
431,Oberleitner Neil,C02ZcN0K,110
432,Brancaccio Raul,Ec4ddDyl,109
433,Pokorny Lukas,YZZma2ED,109
434,Damas Miguel,U1rIGv6n,108
435,Poullain Lucas,0OqIBG1T,108
436,Karol Milos,fqyp0ra7,108
437,Moriya Hiroki,AkljckX2,108
438,Loffhagen George,dIeJbHWb,107
439,Masur Daniel,ERWd0Gpm,106
440,Compagnucci Tommaso,ETKnHZom,106
441,Cina Federico,lvlXwMKk,105
442,Purtseladze Saba,OI2qf1Ze,104
443,Nicod Jakub,bXDP9OZ5,102
444,Sasikumar Mukund,AHPRXol6,102
445,Popovic Stefan,86SsOMq6,102
446,Paris Tom,0CWQEozd,101
447,Raonic Milos,8dRfslyR,100
448,Nesterov Petr,OvQcnjPp,100
449,Boscardin Dias Pedro,4vuKo3sT,99
450,Cid Subervi Roberto,CEMftmEG,98
451,Ramanathan Ramkumar,WMML87Fg,97
452,Cadenasso Gianluca,ridg32kn,97
453,Escobedo Ernesto,4l0IRLGR,97
454,Artnak Bor,2XEwnKpM,97
455,Sakellaridis Stefanos,2Dmhcv8C,97
456,Gerch Lucas,65MSZiib,96
457,De Krom Michiel,llj0ORAC,96
458,Isomura Kokoro,YXvdyprk,96
459,Gentzsch Tom,IgniZQN6,96
460,Pecci Alessandro,KAm5zaxg,95
461,Marie Jules,fJ78deff,95
462,Pereira Tiago,U1XJJHtq,94
463,Lokoli Laurent,ITXDs0et,92
464,Parker Stuart,tSMxmjU3,92
465,Agafonov Egor,j9U3UOQN,92
466,Farjat Tomas,fqOHNblU,91
467,Rai Ajeet,hQ2xWq4l,90
468,Damm Martin (2003),vX7WOXtP,89
469,Bertran Peter,xG1pDfib,89
470,McHugh Aidan,6mqo5tyC,88
471,Rodriguez Lorenzo Joaquin,xdHROE39,88
472,Bakshi Aleksandre,6i3rVodO,88
473,Luz Orlando,vTTQuqa9,87
474,Tudorica Alvin Nicholas,WftOsQiS,87
475,Gulin Svyatoslav,zsPR6kKa,87
476,Delaney Jake,QLcrkhjd,87
477,Tomescu Dan Alexandru,Olg6OER6,86
478,Iannaccone Federico,4OUbV0RG,86
479,Neuchrist Maximilian,U9mh3y5G,85
480,Moeller Marvin,W4qdFpGM,85
481,Kudla Denis,QFBrBWZf,85
482,Mott Blake,2mN5CUjs,85
483,Aboian Valerio,6BsiXzTM,85
484,Binda Alexandr,pY05SOxc,85
485,Dostanic Stefan,jiqOrpb5,84
486,Juarez Facundo,6JuNHbeH,84
487,Aguilar Juan Carlos Manuel,rwlfWinj,84
488,Juszczak Pawel,tb9STLHB,84
489,Lopez Montagud Carlos,nsBSIUxP,84
490,Singh Karan,fRgO5Du3,84
491,Kestelboim Mariano,2BfFVH4T,83
492,Borg Leo,CrZJzDe5,83
493,Edmund Kyle,E3lS9LXS,82
494,Martin Andres,h2AG5rdm,82
495,Echargui Moez,65tqemRH,82
496,Vale Duarte,YPycxPWg,82
497,Celikbilek Altug,Offsrwmn,81
498,Agwi Michael,vHrsxJcB,81
499,Bax Florent,bLE16tQq,81
500,Forejtek Jonas,A5HTcR5k,80
501,Added Dan,bwW3LbI0,80
502,Wiskandt Max,lzBiylEd,80
503,Broska Florian,8K76hSpA,79
504,Bouquet Lucas,pWZHwGON,79
505,Dzhavakian Yurii,ATs6urG2,79
506,Paulson Andrew,WWJOSBMH,78
507,Montes-De La Torre Inaki,4CYXUVX7,78
508,Ayeni Alafia,d4vwHiRI,78
509,Kuzuhara Bruno,URBLJ17n,78
510,Vanshelboim Eric,0YMC7sFJ,78
511,Bourgue Mathias,xOhWcTc9,77
512,Safwat Mohamed,MDyQME8o,76
513,Pereira Jose,SdpLSvYD,76
514,Pannu Kiranpal,tb10e1Kh,76
515,Colson Tibo,x4TcE4Pj,76
516,Krumich Martin,WKaCDElC,76
517,Fajta Peter,MVwWjWGT,76
518,Basic Mirza,WhcgnWej,75
519,Takahashi Yusuke,2kYVdoCo,75
520,Serafini Marcello,b1cyvN26,75
521,Perez Alfredo,8vjigtqh,74
522,Guerrieri Andrea,KEeikKZL,74
523,Bondioli Federico,8nVLxFhJ,74
524,Barroso Campos Alberto,fFWhIUQL,73
525,Bonadio Riccardo,WSUTomlE,72
526,Corwin Felix,zwYLwS2P,72
527,Palosi Stefan,G6OSMRoI,72
528,Kivattsev Kirill,lYTGGh9p,72
529,Bobrov Bogdan,nNUXcRJe,72
530,Schiessl Joao Eduardo,QoCtZ0D9,72
531,Krutykh Oleksii,v5s9yex5,72
532,Te Rigele,6Pb5YA6E,71
533,Kumar Omni,0pmObjXA,71
534,Andaloro Fabrizio,GjnmeDpe,71
535,Kellovsky Dominik,zwteAADd,71
536,Hudd Emile,SA5mGvvU,70
537,Radulov Iliyan,YsC3U3Oi,70
538,Feldbausch Kilian,MgiX0Yi5,69
539,Kingsley Cannon,tSIt4oNS,69
540,Bielinskyi Viacheslav,0zwUw7ae,69
541,Smith Keegan,z14Q4mTq,69
542,Kumasaka Takuya,vRKj99hc,68
543,Fomin Sergey,nsLeJUw8,68
544,Brooksby Jenson,MoOtVkbN,67
545,Cornut-Chauvinc Antoine,ARtXvSvb,67
546,Shiraishi Hikaru,pO5LT6LB,67
547,Sigsgaard Christian,EDtzcct5,66
548,Imai Shintaro,UDGJst62,66
549,Reymond Arthur,jJmifMsT,66
550,Slump Stijn,6iwptza2,66
551,Shin Woobin,EHGYHx36,66
552,Domingues Joao,W27uslC4,65
553,Naw Hazem,ED89IbMk,65
554,Weber Arthur,6Bmf3gr6,65
555,Nedic Andrej,xSEy3vPr,65
556,Dedura-Palomero Diego,IXM4oGM3,65
557,Fanselow Sebastian,r5LzmF06,65
558,Marchenko Illya,l6pbGLcJ,64
559,Adams Harrison,AexCZIYm,64
560,Martinez Alex,23EXjpUO,64
561,Cesar Porras Julio,Sx50ZAEp,64
562,Oradini Giovanni,0YQ9OWxa,64
563,Rybakov Alex,x01GZe48,63
564,Potenza Luca,KQ97KSpp,63
565,Gautier Alexis,694hb3jd,63
566,Barrena Alex,EcYZCT1F,62
567,Shah Aryan,QX2MqIHF,62
568,Paire Benoit,CMfsaHsr,62
569,Vasa Eero,2eEQepaQ,62
570,Visker Niels,trcbXYS8,62
571,Oliel Yshai,jXEvpnEA,61
572,Taguchi Ryotaro,xSn3x2JE,61
573,La Serna Juan Manuel,OUerK0bc,61
574,Pieczkowski Olaf,tlePPAg5,61
575,Gonzalez Fernandez Mario,8Ei3zV2e,61
576,Estevez Juan,v3mDD6Cq,61
577,Diez Steven,0ltc7yno,60
578,Ilkel Cem,pxWMQw75,60
579,Beckley Alec,Yk9m0YjH,60
580,Bradshaw Jacob,UZl4cXO5,60
581,Aboian Leonardo,KxSpibsH,60
582,Banerjee Samir,GAhjdV14,59
583,Ferrari Gianmarco,IoLNpAMF,59
584,Milev Yanaki,6HaaZh9U,59
585,Massard Loann,KzhabclH,59
586,Ghibaudo Antoine,x65w16Vu,58
587,Mo Yecong,IVLazPCA,58
588,Saitoh Keisuke,fXLWjCZg,58
589,Dussin Louis,4GWK2Rg7,58
590,Paz Juan Pablo,CQu4E1iM,58
591,Orlov Vladyslav,2qC5vf76,58
592,Svajda Trevor,4YQzKulF,57
593,Basing Max,CpNtcwr9,57
594,Thanos Aristotelis,29NI2v8f,57
595,Hernandez Alex,ALeu7aEd,57
596,Erel Yanki,zX8kGOPK,57
597,Barreto Sanchez Diego Augusto,Y3fPZsZj,57
598,Ribeiro Eduardo,ObAxbvT5,56
599,Snitari Ilya,QXtkzcSN,56
600,Echeverria John,dlUhv0r3,56
601,Arutiunian Erik,MF4g5i1o,56
602,Gill Felix,4Q5fNOq4,54
603,Benchetrit Elliot,KU5Ij4sO,54
604,Kirchheimer Strong,AebXIVfC,54
605,Obradovic Dusan,WK1R8GsO,54
606,Javia Dev,xtv2D7jE,54
607,Wessels Louis,MHdqma3a,54
608,Peliwo Filip,x6aKFC7p,54
609,Cukierman Daniel,bL4MkOdU,53
610,Winter Edward,fXlEz2LO,53
611,Mochizuki Yuki,bLpNEVJh,53
612,Malige Mae,YFahiHvj,53
613,Handel Tim,bVBqu7hI,53
614,Lamasine Tristan,IPaQgJgs,53
615,Serdarusic Nino,OQnPhows,52
616,Stewart Hamish,0j2A0w2n,52
617,Shin Sanhui,G6t0BT3b,52
618,Palan Dominik,Q5wGqMq4,52
619,Leong Mitsuki Wei Kang,6wmyFFV7,52
620,Brumm Jacob,bo0dpKSC,52
621,Papoe Radu Mihai,84miaY3T,51
622,Bailly Gilles Arnaud,rNSGbSql,51
623,Ejupovic Elmar,0MkilG0U,51
624,Jones Ben,E7D8HzOG,51
625,Bittoun Kouzmine Constantin,YZx9arkD,51
626,Polukhin Savva,4fcnsr86,50
627,Hilderbrand Trey,t6VPHqk1,50
628,Gimenez Igor,pnbt8e9R,50
629,Poling Karl,drTxoGEh,50
630,Zhu Evan,6NJge0Iq,50
631,Matsuda Ryuki,236PBwA2,50
632,Wendelken Harry,d6y39t1s,50
633,Gima Sebastian,vcoUMA9G,50
634,Kim Aidan,jmIkcNeE,49
635,Thiem Dominic,dtwmvonR,49
636,Nikles Johan,rN9JzXam,49
637,Donskoy Evgeny,CrE5LqAg,48
638,Wallin Olle,hS58sooF,48
639,Gavrielides Liam,jsRqNp7e,48
640,Zhukov Maxim,j725TEpn,48
641,Sperle John,prdAkIri,48
642,De Schepper Kenny,0bPhsiMF,48
643,Manzanera Pertusa Alejandro,Em6VB5YH,48
644,Tammaro Mariano,rXwbxSif,48
645,Molcan Alex,drgiRTl7,47
646,Legout Timo,YPqCP4xb,47
647,Wenger Damian,27Su8SM7,47
648,Barreiros Reyes Mateo,UoUqKLtE,47
649,Carboni Lorenzo,2yamY2wB,47
650,Vylegzhanin Nikolay,zkhsV3Jf,47
651,Jones Maximus,fTzYyWtg,47
652,Demanet Emilien,buC7ACRr,47
653,Ogura Kosuke,MZkM9lMr,47
654,Gomez Juan Sebastian,KvtYcHFS,46
655,Miyoshi Kenta,CYeI2nKe,46
656,Donski Alexander,hvM3ptDk,46
657,Lumsden Ewen,dKdGI6c9,46
658,Matsuoka Hayato,WjZyerek,46
659,Djuric Branko,xE15iILI,46
660,Ribero Franco,v7WgNVZb,46
661,Paroulek Tadeas,f7SjspAI,45
662,Haliak Mikalai,lfm7TL7S,45
663,Sorger Sebastian,YVX2xrZ3,45
664,Wassermann Deney,zJ5EUO6J,45
665,Sweeny Dane,f7I9IJsH,45
666,Gadamauri Buvaysar,QX3MNSXf,45
667,Beauge Maxence,fqv50OZ6,45
668,McKennon Maxwell,AgqRXYce,45
669,Monzon Ignacio,IFnIgEEe,45
670,Rossi Leonardo,zqf7fP42,45
671,Quan Rudy,8lEAP0Wt,44
672,Lopez Morillo Imanol,buuKLcxO,44
673,Schachter Noah,AejXCRkE,44
674,Sanchez Quilez Alejo,KG5iw4Ad,44
675,Oetzbach Adrian,69OYKxLA,44
676,Chung Hyeon,C48I3FZ3,43
677,Kwiatkowski Thai Son,6Bo71BkA,43
678,Kang Kyle,K6tHuLog,43
679,Bellier Antoine,fT7lsf2k,43
680,Papamalamis Theo,tUGhqDwC,43
681,Ichikawa Taisei,vZCQ8rUu,43
682,Braynin Aleksandr,QBQYOYta,43
683,Chepelev Andrey,4AVDrwsm,43
684,Giannessi Alessandro,AgU0tmZ6,42
685,Blanch Darwin,67fP0sJ3,42
686,Vilicich Bautista,zTOdJMDp,42
687,Loge Jack,SC5WdmHT,42
688,Vives Marcos Pedro,rsfIfIsK,41
689,Elsayed Amr,QNdYa78o,41
690,Ouakaa Aziz,2BtG9FCD,41
691,Hamza Reguig Samir,h66Vnxdo,41
692,Milavsky Daniel,QFuNOiRL,40
693,Neff Adam,EDSIwNmC,40
694,Chappell Nick,bJed2yIt,40
695,Garcian Axel,jZXdgCOj,40
696,Sinclair Colin,Oxu66IL4,40
697,Baadi Taha,ATFygia3,40
698,Giunta Massimo,hQkb3GZ8,40
699,Rivet Maxence,WlznU7Za,40
700,Trongcharoenchaikul Wishaya,Cdn8t1Wm,40
701,Badenhorst Devin,rsXEZ6yn,39
702,Gaio Federico,fFaiL8VD,39
703,Xiao Linang,ITFKTi7B,39
704,Chanta Thanapet,pd5sYLNR,39
705,Huang Tsung-Hao,AROuX8tf,39
706,Demin Yaroslav,xO0DRhFb,39
707,Melzer Gerald,xEtGlgvF,38
708,Story James,K80j7V9T,38
709,Ehrenschneider Nino,8IfYkZrg,38
710,Pedrico Kravtsov Albert,SC9if6GJ,38
711,Saraiva Dos Santos Paulo Andre,nuOIB1Y5,38
712,Steiner Maik,UiXnGhIl,38
713,Vankan Marlon,f5JHTw8p,38
714,McCormick Tristan,vFQc2kkD,38
715,Kicker Nicolas,SATGSBer,37
716,Nam Ji Sung,Sb4ALPAO,37
717,Vandecasteele Quinn,dxMNhGrH,37
718,Kimhi Orel,I3DEaAyh,37
719,Falabella Lautaro Agustin,8fxtwnWh,37
720,Blanch Dali,tEewFwuI,37
721,Perez Contri Sergi,nTs4uii1,37
722,Krajinovic Filip,djfrlQJg,36
723,Donnet Etienne,2kmMRrQ3,36
724,Rodriguez Johan Alexander,UBW76qu8,36
725,Romano Filippo,CAxK6Xbs,36
726,Knaff Alex,QgRlFufK,36
727,Zheng Michael,tjS5ZIzl,35
728,Ozolins Karlis,MB97cB9p,35
729,Heller Peter,UXo7VXPq,35
730,Broady Liam,UTu7grNI,35
731,Castagnola Luca,4C1GvbsP,35
732,Sandgren Tennys,txoRJR0E,34
733,Zhang Tianhui,EuCdP7ft,34
734,Pieri Samuele,bNfa2nIF,34
735,Grant William,tImxFVu6,34
736,Leite Wilson,fNKT6Ycq,34
737,Catini Niccolo,QexwLRl5,34
738,Vithoontien Leo,YotWabzf,34
739,Fernandez Flores Diego,COvoyChg,34
740,Tkemaladze Zura,Ol5Iofxk,34
741,Young Gavin,002ZRofT,33
742,Tarvet Oliver,lYUiygo1,33
743,Lavagno Edoardo,2FKW7IeJ,33
744,Ly Nam Hoang,hz0vmblI,33
745,Planinsek Filip Jeff,O00Eoomb,33
746,Gorokhov Mikhail,fmBgb1RN,33
747,Pavel Bogdan,WKXnle7U,33
748,Castelnuovo Luca,tMTm47i0,33
749,Dalmasso Guillaume,z7Wfy5c4,33
750,Pieczonka Filip,SvTpFLCr,33
751,Marrero Curbelo Ivan,S6TrqFMo,33
752,Sheehy Joshua,G8JTfX8C,33
753,Zakaria Fares,4d70BiXI,33
754,Ymer Mikael,xI6dgV0b,32
755,Vandermeersch Cyril,ELpR8zh2,32
756,Chirita Ioan Alexandru,G616YjAI,32
757,Rubio Fierros Alan Fernando,6NBZLyfj,32
758,Heinonen Adam,C2FYwqdi,32
759,Ganesan Adhithya,jN8AWUp9,32
760,Masabayashi Tomohiro,23AG6J1b,32
761,Ribecai Michele,fNFrUmQq,32
762,Montsi Khololwam,251Dqlpn,31
763,Borisiouk Martin,KOYgOE8M,31
764,Andreozzi Guido,jsEQiWCq,31
765,Lee Duck Hee,jXtRZ7Uf,31
766,Rottoli Lorenzo,pIrIPSHu,31
767,Fishback Ryan,04M9e5Yb,31
768,Klintcharov Alexander,Kf7nU5BU,31
769,Stater Alexander,S6p17obe,31
770,Reco Alexandre,rcGvfyAK,31
771,Wehnelt Kai,2iQTHF45,31
772,Tessa Louis,6aqE7xUc,31
773,Dhamne Manas,llqYSSzF,31
774,Ponwith Nathan,W4ZN0F9L,31
775,Andreescu Stefan Adrian,f1jSEJGT,31
776,Bigun Kaylan,hrwb4sUS,30
777,Zekic Miljan,Qw4RZMHS,30
778,Hoang Antoine,ABdsnph9,30
779,Radjenovic Vuk,ldaEsUD4,30
780,Watt James,rw5Ykv8n,30
781,Bonsach Ganley Kane,hxWKNTvQ,30
782,Nunez Daniel Antonio,OnMCX7Fh,30
783,Rocha Francisco,8A0Hljl3,30
784,Dev S D Prajwal,bwAEIrYh,30
785,Martin Dan,bRXwMFQT,30
786,Bernet Henry,K0wNBLg7,29
787,Rola Blaz,zsm1E6Jl,29
788,Baris Ozan,CI4P8u7o,29
789,Saville Luke,Wfo6mrFq,29
790,Vishwakarma Siddharth,8tw79mJk,29
791,Aksu Cengiz,pGVx9Gzs,29
792,Madarasz Gergely,GYSzoU6R,29
793,Hulme Matthew,t67cPe6s,29
794,Caniato Carlo Alberto,l81bYq88,29
795,Huertas Del Pino Conner,dvetkyid,28
796,Jong Alexander Maarten (Jong Sander),jBYbKHBn,28
797,Anderson Oliver,0Wos0db9,28
798,Hazawa Shinji,rmXMxs3I,28
799,Tabacco Fausto,YsZhirsa,28
800,Paty Daniel,AyKCrxPQ,28
801,Jones Miles,SQDcRsUr,28
802,Klok Denis,rau6U2Wp,28
803,Parisca Ignacio,CAU0vyvM,28
804,Clark Ezekiel,Mw4e85DC,28
805,La Vela Giuseppe,pfUhRct8,28
806,Blanch Ulises,lOMVGSfB,27
807,Pichler David,xEnUv3EF,27
808,Zanellato Nicolas,GAcZvpUn,27
809,Filip Jakub,biKHx2Io,27
810,Wiedenmann Luca,8OJw7AKG,27
811,Marinkov Pavle,dnObqboC,27
812,Otegui Juan Bautista,pEn8FCYi,27
813,Wallart Enzo,tryJy6VM,27
814,Privara Peter Benjamin,GrNR8fZb,26
815,Alkaya Mert,biuyCvl4,26
816,Buldorini Peter,vysir7a7,26
817,Winter Lopez Benjamin,pEEDbwtS,26
818,Hjorth Philip,l2Rrqntk,26
819,D'Agostino Stefano,C08PWPwb,26
820,Otte Oscar,xMUA2R35,25
821,Basile Pierluigi,dQSlIBQ0,25
822,Hurrion Millen,IcTmRIBf,25
823,Boulais Justin,Mm7V72Xn,25
824,Philippov Evgeny,SAdBjpq1,25
825,Curras Abasolo Tomas,xv68QBRE,25
826,Beaupain Simon,Ch2NjhcB,25
827,Martin Toby,ncOklfIk,25
828,Cazacu Dragos Nicolae,Ys8BgO2B,25
829,Bertimon Maxence,I7AYUsni,25
830,Mansouri Skander,EV7ewmR5,24
831,Londero Juan Ignacio,6HoqESC2,24
832,Hewitt Cruz,pOQrEMUs,24
833,Pospisil Vasek,xdHXH2G1,24
834,Mazza Manuel,MBgeOclJ,24
835,Sornlaksup Pawit,CnQoeiqR,24
836,Turker Mert Naci,viA40Ce4,24
837,Donald Matthew,CvEGpt6B,24
838,Bocchi Lorenzo,xGBsPfgG,23
839,Bernard Alexander,CxEOBzKE,23
840,Anthrop Jack,nwVHy1zj,23
841,Balshaw Felix,OUFziENR,23
842,Alvarez Valdes Luis Carlos,SCDsnAHu,23
843,Tokuda Renta,l2DRgi3R,23
844,Van Der Meerschen Martin,UiuCTISE,23
845,Honda Naoya,pC2uDb19,23
846,Ferrari Francesco,6LCGLo9J,23
847,Markovic Sasa,fLQMsHmq,23
848,Rawat Sidharth,YLupS3cJ,23
849,Altamirano Collin,jHSOnid6,23
850,Marques Diogo,4xxFG2hF,23
851,Noce Gabriele Maria,r7oqXqGP,23
852,Tamm Kristjan,xEMUcAZq,23
853,Suresh Dhakshineswar,ImMlps4p,22
854,Milojevic Nikola,th3xL6ko,22
855,Mrva Maxim,hMR2isnm,22
856,Brady Patrick,z3xiJGVh,22
857,Lilov Victor,z5CHKsht,22
858,Lee Kuan-Yi (1996),v5u9pFvC,22
859,Xilas Ioannis,CjZOlKb3,22
860,Stice Tyler,tADGocmM,22
861,Kravchenko Georgii,4hA6NLxd,22
862,Rottgering Mees,QcUMcWQE,22
863,Brunclik Petr,jVnKvEsp,22
864,Aguilar Cardozo Joaquin,rsXrDrGP,22
865,Kikuchi Yuta,KCfjLEXp,22
866,Summers Matthew,lbl1m1jP,22
867,Beloborodko Illya,ObAWM2MG,22
868,Poertner Lasse,6JKk3IWe,22
869,Szajrych Jasza,C6hKvbWq,22
870,Pawelski Martyn,jkqoQ2GD,22
871,Andre Seydina,h2Hth0eO,22
872,Marino Pietro,jXeffRlP,22
873,Marinescu Mihai Razvan,OORhex4D,22
874,Lomakin Grigoriy,vTJ8pfma,22
875,Hara Friend Jay Dylan,IDWtGL8C,21
876,Homberg Maximilian,f54w66h2,21
877,Kotzen Alexander,SCQ6tPbp,21
878,Maamoun Karim-Mohamed,SEFcXyT9,21
879,Furness Evan,G8ZspnWN,21
880,De La Fuente Santiago,xMEO3dkb,21
881,Gobat Adrien,fg3eSBRn,21
882,Mashtakov Nikita,SC4vdKb1,21
883,Raynel Amaury,baIBn7Gn,21
884,Eriksson Sebastian,trQX0K38,21
885,Tang Sheng,UDj55iC4,21
886,Dancu Vlad Andrei,fD3i7TJE,21
887,Simundza Josip,rNdizKtN,21
888,Osorio Juan Sebastian,2LR9Hnu3,21
889,Aubriot Alexandre,IB6rAbr3,21
890,Perfetti Noah,40ax25HU,21
891,Ivanov Saveliy,rkiXlHy6,21
892,Kyrgios Nick,fudxgwDF,20
893,Nedelko Ivan,fDQ48vnb,20
894,Chung Yunseong,tOplqMQq,20
895,Strode Isaiah,AZQVo1Ip,20
896,Flores Jesse,0CTefcu8,20
897,Magadan Alan,AsgIC9uN,20
898,Ostapenkov Daniil,pYy2KTgA,20
899,Delage Pierre,vBvBhK26,20
900,Khoeblal Elgin,lIKnc3u9,20
901,Kalyanpur Adil,OMKptc0q,20
902,Kuhar Matt,Ma7yiQQQ,20
903,Liaonenka Aliaksandr,t8QXFmCO,20
904,Prechtel Sebastian,C2JM2yu9,20
905,Callejon Hernando Sergio,beC6R64D,20
906,Yamanaka Taiyo,nVnqQlUo,20
907,Bailly Pierre Yves,URCa03M5,19
908,Jodar Rafael,OdngshVK,19
909,Uesugi Kaito,lWW8krxf,19
910,Deckers Alec,hlifDwAk,19
911,Williams Cooper,dYfttgdB,19
912,Bellifemine Alessandro,hj8g2peP,19
913,Dinev Dinko,zNdtoUgO,19
914,Lootsma Niels,Eu38K6iI,19
915,Ferguson Chase,IPmby6tR,19
916,Vales Amit,Y75GebJP,19
917,Miletich Iannis,v33UOz8s,19
918,Cekirge Kuzey,KdS5YLco,19
919,Schell Niklas,APiQtYy1,19
920,Sanchez Martinez Benito,fcxYxRE1,18
921,Santillan Akira,hpXh1pE5,18
922,Fancutt Thomas John,d06Uhevq,18
923,Loutit Jack,44kGiM8F,18
923,Schoen Patrick,AHhDE5C5,18
925,Hallquist Lithen John,CGjZME8k,18
926,Jovic Viktor,8f7aWZ8i,18
927,Kawahashi Yuta,2il1b98h,18
928,Sureshkumar Manish,zZLFNUKk,18
929,Basic Nikola,SQf6b5n4,18
930,Mbithi Mwendwa,l6NSOZlH,18
931,Cerny Matyas,Cbx7xjfs,18
932,Fantini Luca,YT6uBKq9,18
933,Charlton Joshua,2JGzwSMm,18
934,Ghazouani Durand Yanis,C6bdjyfd,18
935,Lobanov Aleksandr,Chg6ehb2,18
936,Bassem Sobhy Michael,tzDJdud6,18
937,Forger Abel,SxySakXA,18
938,Ciavarella Niccolo,Uqf1KgW8,18
939,Camus Charlie,zD9e8FVo,18
940,Zhu Michael,Gbrauane,18
941,Jovanovic Petar,WCIKuJce,17
942,Rajski Maciej,4MdiQvPc,17
943,Fukuda Sora,hdHVmv81,17
944,Becerra Otarola Ignacio Antonio,Kppk4mIE,17
945,Ramskogler Gregor,25DTQysT,17
946,Bozemoj Brian,MazWb9nH,17
947,Duhan Chirag,W2Hk0tpc,17
948,Jadoun Nicolas,4toaAsBh,17
949,George Benjamin Thomas,8jkaOzPA,17
950,Bass Finn,tbNEOryF,17
951,Bosio Gabriele,z3kBxqS5,17
952,Sumizawa Daisuke,MVw0Fswh,17
953,Crowther Corban,8tEjQmVe,17
954,Sousa Joao,dQdhXosG,16
955,Georgiev Georgi,E53IfJbl,16
956,Wiersholm Henrik,lpdqwJjb,16
957,Bonding Oliver,SGkttdYl,16
958,Danilov Savriyan,f7EW4Qbj,16
959,Hadigian Eric,bq3RLF3s,16
960,Azkara Arda,raVvSv3g,16
960,Matsumura Ryotaro,nJQMOAQM,16
962,Watanabe Seita,IH1MWYjh,16
963,Baroni Niccolo,nsvw6hJH,16
964,Tepmahc Nicolas,I17Wo6gj,16
965,Luis Tomas,tpFwWTmC,16
966,Wang Aoran,lM9dwNwr,16
967,Oh Chan-Yeong,lpd9iayf,16
968,Casanova Andrin,0Khaj00n,16
969,Catry Robin,8Ase3tht,16
970,Ribeiro de Almeida Gustavo,Q9WY2RpJ,16
971,Strode Elijah,A7RvGCDF,16
972,Lu Pengyu,4Oh03F3B,16
973,Fenty Andrew,bDUgFpAp,16
974,Kaukovalta Patrick,hOTPo0yJ,16
975,Setkic Aldin,OEW8zvIT,16
976,Brown Preston,rDYLNOlQ,16
977,Cigarran Thiago,EBRfRytK,16
978,Delaney Jesse,S2LmH9uF,16
979,Park Uisung,CxUpojVi,15
980,Marionneau Lucas,vJuFYvmQ,15
981,Safonov Aristarkh,4vxEJZR5,15
982,Dedura-Palomero Mariano,E9BdouWd,15
983,Tenti Fermin,xWwOKHiU,15
984,Pham Derek,AZoGk4b7,15
985,Atlangeriev Bekkhan,hbrc2RnR,15
986,Becroft Isaac,vwFvblTa,15
987,Latinovic Stefan,GzU1VImR,15
988,Fiorentini Andrea,fTVCv9L2,15
989,Dong Zhenxiong,EctEP82l,15
989,Ortenzi Gian Marco,hfSOsfKt,15
991,Pontjodikromo Sidane,0bGBZqWc,15
992,De Vincentis Matteo,WIt40cLF,15
993,Masjuan Ginel Pablo,SjPhcWxN,15
994,Nagel Arthur,6eO0SM8J,15
995,Cavallo Fernando,WUwp7xKO,15
996,Fomba Luc,WGu2ufNi,15
997,Azoidis Dimitris,vPLaVwl9,15
998,Kupcic Jan,jakl92iG,15
999,Monferrer Ezequiel,hbUmfIEQ,15
1000,Nandal Yuvan,GK8rGY3L,15
1001,Gutierrez Oscar Jose,KngbSEyS,15
1002,Dietrich Dylan,nHleitot,14
1003,Omarkhanov Amir,EyAl7HxU,14
1004,Cuenin Sean,QTu5GW0G,14
1005,Braithwaite Thomas,4xgpp6cq,14
1006,Pankin Semen,AqOZJFvK,14
1007,Descotte Matias Franco,hAzhGq1Q,14
1008,Pisaric Aleksa,x04e8eff,14
1009,Simonit Ezequiel,GIxrwOkA,14
1010,Martin Manzano Juan Cruz,UHa9B19E,14
1011,Escurra Isnardi Hernando Jose,WAxpLHzl,14
1012,Kukasian Artur,tjGzHcWs,14
1013,Poljak David,fmQlwQEO,14
1014,Jin Yuquan,htR280qk,14
1015,Bonnaud Arthur,j5mYmWV6,14
1016,Ifi Nicolas,6NaaN5f3,14
1017,Berkieta Tomasz,nHnrJW55,14
1018,Efstathiou Menelaos,pCP9mPxp,14
1019,Lehmann Nikos,UZnePsyf,14
1020,Trochu Pablo,QD6Y9W2S,14
1021,Basel Valentin,b5qN4zQn,14
1022,Matsuda Koki,Yw4PpvMH,14
1023,Bastiaansen Pepijn,t0yI04MG,13
1024,Egea Franco Emanuel,YkPrH373,13
1025,Rodrigues Pedro (2006),Es9YibKk,13
1026,Weightman Oscar,6Jy5L43Q,13
1027,Carou Ignacio,YVrzWVEE,13
1028,Bodmer Adrian,KhnwMkjD,13
1029,Decamps Gabriel,S48gGHk5,13
1030,Pietri Benjamin,fVEgNWMT,13
1030,Welte Milan,IJlVCOef,13
1032,Eqbal Ishaque,f3v1B0oO,13
1033,Harper Cleeve,vVE5LjdE,13
1034,Nordquist Arvid,CWfZ17iJ,13
1035,Bicknell Blaise,0AnSaqQc,13
1036,Boros Attila,WpAYhqZs,13
1037,Giacomini Luca,tCxvMEmd,13
1038,Ho Ray,j9Yg49fa,13
1039,Rapagnetta Daniele,h8p2EBeE,13
1040,Perez Brandon,z3i3vgV4,13
1041,Miedler Lucas,CzqMZAAA,12
1042,Kouame Moise,zylrzjzh,12
1043,Barki Justin,lvRT6BV9,12
1044,Claverie Lorenzo,p42jiHZB,12
1045,Bennani Reda,CYvP71IU,12
1046,Klier Junior Gilbert,IHPjQLNh,12
1047,Nidunjianzan Fnu,lrh4hsKp,12
1048,Valiev Ilgiz,fV66YSUo,12
1049,Hornitschek Nico,lOKdqFM1,12
1050,Lee Jea Moon,jo0rWAGm,12
1051,Ivanov Ivan,tzrHzYV5,12
1052,Bulus Christopher,vwi34aip,12
1053,Bronzetti Alberto,WYhq8ylM,12
1054,Lipp Mika,KfC4DLvQ,12
1055,Plunger Manuel,x0jclBBa,12
1056,Ruehl Tim,tEZVpQz5,12
1057,Tosetto Rafael,n1NMWrnO,12
1058,Alujas Rodrigo,4AA88IJ5,12
1059,Izquierdo Luque Rafael,xIC2KbOj,12
1060,Bilardo Jacopo,SAWlTK58,12
1061,Nefve Axel,EaX9na4k,12
1062,Ochi Makoto,rukZamXp,12
1063,Khazime Daniel,AaT3mCUg,12
1064,De Jonge Daniel,tGGdpX9d,12
1065,Krajci Michal,UPs5Qw3f,12
1066,Villalon Nicolas,t26GhUcJ,12
1067,Hess Sean,j3bfUX2q,12
1068,Kotzen Nicolas Ian,lWg3KPwf,11
1069,Craig Corey,EeE7SaDl,11
1070,Renard Lucas,4jMOhvna,11
1071,Ciric Aleksa,ABfrnMNE,11
1072,Weekes Jaden,SdNo4lMQ,11
1073,Dominko Sebastian,bgckMVTg,11
1074,Deflandre Leo,C2MFoRVh,11
1075,Preda Luca,U9BOMV1c,11
1075,Vardhan Vishnu,CCqsrUaI,11
1077,Agarwal Rishab,rycm010P,11
1078,Hernandez Carles,tKYH0pjG,11
1079,Barbier Gazeu Paul,rHVwmtSB,11
1080,Sorrentino Luigi,48UGSAbt,11
1081,Donev Gabriel,vudcKbCn,11
1082,Arseneault Nicolas,GYqn0WJb,11
1083,Bojarski Alan,AJmY8OO6,11
1083,Duran Tuncay,UVOuN15n,11
1085,Zeng Yaojie,l0hPH7p5,11
1086,Chen Charles,APGvN2Dr,11
1086,Hipfl Nico,GKSrsP3H,11
1088,Verbin Pavel,jBpmB7vk,11
1089,Jones Hayden,pEDk72l8,11
1090,Sim Sungbeen,z1BX7uB5,11
1091,Filar Karol,fN50O12N,11
1092,Loof Thijmen,lQYq0vQB,11
1093,Freire Da Silva Adan,fRC4NeHq,11
1094,Fellin Pietro Orlando,KlKLDrO2,11
1095,Fix David,ILxTqGqU,11
1096,Sach Tai,W6rvCM52,11
1097,Speziali Filippo,UwxdKR7e,11
1098,Lorusso Lorenzo,z7xoDC8T,11
1099,Misasi Giannicola,0KgHTdu1,11
1100,Molder Markus,EuUz3BoN,11
1101,Saritas Gokberk,I1lBJVW8,11
1102,Kirci Koray,lUVNUaVe,11
1103,Ryan Ziegann Sam,lWMbfHhi,11
1104,Tsitsipas Pavlos,8SlmNRcC,11
1105,Butulija Boris,xhFtswWF,11
1106,Makhlouf Nazim,I17CAyKl,11
1107,Valkusz Mate,xEfIOau2,10
1108,Gorzny Sebastian,zy0rH7hD,10
1108,Li Christopher,6wt2BF1J,10
1110,Laaksonen Henri,zBpszmMu,10
1111,Overbeck Carl Emil,tGuu5b7S,10
1112,Aguiard Enzo,2gzfIDcj,10
1112,Staeheli Luca,Eegw5r5O,10
1114,Iradukunda Guy Orly,UZLF1SkR,10
1115,Gimeno Valero Carlos,8GgBc8Ol,10
1116,Kamrowski Marcel,SYGmpK8M,10
1117,Covato Matteo,dxyfU6WB,10
1118,Gomez Emilio,UFl5WCtj,10
1119,Salazar Daniel,vJ6PmZN8,10
1120,Deschamps Thomas,0ICuifK6,10
1121,Ivanov Simon Anthony,4W6Blfwq,10
1122,Funk Aaron,4GFx30p5,10
1123,Jordan Phillip,GIoeYLr9,10
1124,Gschwendtner Jeremy,jsSzo7Us,10
1125,Ross Jackson,l0yAhRAl,10
1126,Reitano Stefano,pWcppvT3,10
1127,Malgaroli Leonardo,noxlA6rb,10
1128,Rodriguez Ricardo,GUKsGe51,10
1129,Pearson Kody,4UaMaQV4,10
1130,Liu Hanyi,zcbzRCjA,10
1131,Sakellaridis Dimitris,8fwXlCfa,10
1132,van Schalkwyk Connor Henry,h64v6Pbm,9
1133,Angele Jaimee Floyd,xCLbLa6J,9
1134,Pecotic Matija,08Bnz9tQ,9
1135,Navasirisomboon Jirat,ARfoDxNH,9
1136,Tanuma Ryota,tt4PWrh6,9
1137,Kohlmann Enzo,OSEPCL8h,9
1138,Nakagawa Shunsuke,MDPzfS8H,9
1139,Szymkowiak Kacper,Gpx84sG2,9
1140,Sinha Adit,l0ZPvmpk,9
1141,Tobon Miguel Jr.,xpSwNcad,9
1142,Trinker Jonas,65WmKNah,9
1143,Fernandez Canovas Andres,jiNBTV81,9
1143,Pascual Ferra Roger,rDqSF77E,9
1145,Tonejc Vito,Y334kd7K,9
1146,Petkovic Mika,jFlzjsv5,9
1147,Maksimovic Marko,Kj4t2bvk,9
1148,Paolini Andrea,nwSJW3l3,9
1149,Barnat Jiri,voRaNGHO,9
1150,Bruna Nicolas,hEIDkKoL,9
1150,Turriziani Alvarez Alejandro,655dbh5p,9
1152,Whitehouse Mark,bmiNzn73,9
1153,Calvano Giovanni,fRf7ufeh,9
1153,Raquillet Leo,6XFOXbPo,9
1155,Campana Federico,l6cggNLn,9
1155,Kawachi Kazuma,4O6OUOsn,9
1155,Srbljak Gorazd,jeemueOp,9
1158,Park Seungmin,AmNMHsgU,9
1159,Hrazdil Jan,MHq21pIL,9
1160,Tajima Naoki,CO0Fr0PC,9
1161,Habib Ali,WrG08T7I,9
1162,Nishiwaki Kazuki,U3u3CTqe,9
1163,Folliot Quentin,AJQp73nk,8
1164,Malla Bastian,8A4vPr2B,8
1165,Pow Luca,b5ksUXqB,8
1166,Dong Chen,Ee9TRVyO,8
1167,Stodder Timo,jPh519tm,8
1168,Dubrivnyy Artem,OKTtIEya,8
1169,Martinez Serrano Mario,UoTgXZOb,8
1170,Sahtali Toufik,bDMnwyZM,8
1171,Woestendick Cooper,fLKQ88tF,8
1172,Bennani Karim,O4I1srZ2,8
1172,Branger Liam,tlyJPNla,8
1174,Dlimi Yassine,zeU8VKrH,8
1175,Von der Schulenburg Jeffrey,tfb3h6El,8
1176,Jansen William,M7pXRlPS,8
1177,Santamarta Roig Andres,KnnBhEso,8
1178,Sarr Jelani,zqdUu1rU,8
1179,Bobichon Matisse,AkEPGG1p,8
1180,Rodrigues Natan,4E3Oq5sU,8
1181,Moroni Filippo,U33YqHNl,8
1182,Kopeikin Valentin,CGoLBpsd,8
1182,Suksumrarn Thantub,tW8olIAn,8
1184,Ambarzumjan Edison,UedlrlY7,8
1184,Sarksian Daniil,QNTNRWub,8
1186,Fernandez Bruno,YmTgy47q,8
1187,Hopp Michel,E7xc6a95,8
1188,Goncalves Ceolin Joao Vitor,YuxFyMmK,8
1189,Okamura Issei,K44qzeQE,8
1190,Jang Yunseok,pCzFjcls,8
1191,Namigandet Tenguere Loic,fHakqmMJ,8
1192,Thurner Noah,SMqKQY5j,8
1193,Forcano Ignasi,K2xpbuya,8
1194,Heredia Samuel,bs9auq6m,8
1194,Pieleanu Rares Teodor,YFTZJUYL,8
1196,Carraro Luciano,EDE3kYqN,8
1196,Perruzza Valerio,Am8bqya8,8
1198,Almazan Valiente Izan,Sxms8uzF,8
1199,Simkiss Luke,b50Al24k,8
1200,Pierre Hugo,dzwAOyu2,8
1200,Salle Fabien,QVGSysIG,8
1202,Sinha Nitin Kumar,nLLCyZOb,8
1203,Vujic Stefan,xQ2cVDW7,8
1204,Garcia Mestre Jordi,MRiB0i4k,8
1205,Zielinski Marcel,QBMo5hEE,8
1206,Kriznik Matic,SrQlmbS6,8
1207,Petrov Alexander,d0s9wAel,8
1208,Haase Robin,2Txcqx1b,7
1209,Arcila Alejandro,693cOBzI,7
1209,Gabashvili Teimuraz,MTJwZBpd,7
1211,Gagliardo Lorenzo,A1JkqgPD,7
1212,Vocel Matej,KSQUqepg,7
1213,Ahti Vesa,ULGjM0EI,7
1214,Lim Alberto,xKkfp3WC,7
1215,Stirbu Calin Teodor,rgmN2uAi,7
1216,Urribarrens Ramirez Iker,AyLbGoXa,7
1217,Tiukaev Ruslan,CCJm9jO5,7
1218,Perego Giulio,bLkvYRJD,7
1219,Zuk Kacper,hfYtHkxL,7
1220,Browning Tauheed,bonfm1W4,7
1221,Little Daniel,EsS4K4n2,7
1222,M Rifqi Fitriadi,YX3TOSit,7
1222,Kumar Pranav,z3DbzkuI,7
1224,Hornung Gabor,fB7QhUGK,7
1225,Castaneda Mateo,8QVqOsxt,7
1226,Lapalu Valentin,URrlZZsG,7
1226,Vincent Antoine,pfKtEjmg,7
1228,Ghetu Gabriel,hKlKZQLd,7
1229,Oumaouche Rayane,OMUl6N1e,7
1230,Faucon Romain,EBx84gHc,7
1231,Lalami Laaroussi Younes,hKm7dYh5,7
1232,Alimli Mikail,OM3yVjsd,7
1232,Schlageter Justin,U5AqbVQe,7
1234,Banthia Siddhant,4ve1kpvM,7
1235,Vulpitta Gabriele,A50VgGw9,7
1236,Bol Jurriaan,vNXuFyUe,7
1236,Price Salvador,W2XHQWiP,7
1238,Mujakic Alen,fkBm8RTs,7
1239,Chopra Keshav,vmW1Kg5g,7
1240,Inui Yuichiro,AJQgfZRK,7
1241,Van Orderlain Drew,r5Knp4CG,7
1242,Yin Bang Shuo,ptyjCpfn,7
1243,Torrealba Benjamin,QBD7G3Uj,7
1244,Stringer Tristan,8IqsxZEk,7
1245,Rivera Leyton,OtqZlXGN,7
1246,Schifris Jeremy,SnXb2YXo,7
1247,Raquin Leo,jJS5f3ht,6
1248,Bayldon Blake,SCbDorNl,6
1248,Lee Karl Kazuma,tdmYmVyJ,6
1250,Duda Filip,vFhSRY7A,6
1251,Baum Stepan,GWb5R4ia,6
1251,Willwerth Benjamin,AXSokF3b,6
1253,Coquelin Hugo,WzqMNZG1,6
1254,Huertas Del Pino Arklon,fHL9fCuU,6
1255,Baker Blu,GpqDfZio,6
1256,Salvestre Damien,fD973hHm,6
1257,Setodji Thomas,pYjS8cqL,6
1258,Maxted Lui,OtDlHOfp,6
1259,Johnson Spencer,ltoLvu1a,6
1260,Kudriashov Igor,8tEJKG6H,6
1261,Esquici Lorenzo,fJcrUr6g,6
1261,Metreveli Aleksandre (1993),v5mGbTwA,6
1261,Peck Joshua,bymI0wAN,6
1261,Shin Maxim,CjWkz3ft,6
1261,Spadola Alessandro,UoZP2L5b,6
1266,Torres Tiago,fV6fdlRR,6
1267,Brosset Samuel,hMdyn0hq,6
1268,Sabas Martin,voQu6sJA,6
1269,Meng Cing-Yang,KjssRyDp,6
1270,Benchakroun Mehdi,Yy3rHjPN,6
1271,Slavic Nikola,4xYM97rD,6
1272,Coccioli Alessandro,j7xGT688,6
1272,Elicha Navas Gabriel,6VbPdbqN,6
1274,Salton Dylan,KpYD3Khl,6
1275,Almeida Joaquim,z9VVAcye,6
1275,Kusuhara Yusuke,U12MD469,6
1277,Ludoski Zoran,U36WIzK2,6
1278,Cook Ethan,lORd2tXu,6
1278,Cundom Julian,xdPIYXbS,6
1278,Panak Yvo,lbwxOOl8,6
1281,Sheyngezikht Leonid,2D1sM1Vj,6
1282,Kis Balazs Rafael,dEBPWBTA,6
1283,Bertimon Charles,KjiS6S8C,6
1283,Morandais Jean-Christian,AoYIEIXr,6
1285,Berger Antoine,bNfGWyI2,6
1286,Shimanov Ofek,ELT1J8xI,6
1287,Marysko Vincent,I33MV1uf,6
1288,Chaiyarin Credit,KADep48p,6
1289,Denisov Ivan,bDIhs2nO,6
1289,Musitelli Francois,raedMekp,6
1291,Jeong Yeongseok,O6xJRo8T,6
1292,Chayka Aleksander,CUQLgHkR,6
1292,Schoenhaus Max,2k82Daun,6
1294,Lazaro Juncadella Manel,Yszcho9p,6
1295,Simonsson Fred,dMMbhKWh,6
1296,Bidan Fadi,UZxnBUvi,6
1296,Genier Tanguy,MNB2reEE,6
1298,Aguilar Cardozo Federico,2wtyJU7e,6
1298,Dickerson Ryan,KKc7qpgc,6
1298,Oplustil Patrik,6cqFjumj,6
1298,Pinto Lucca,2TzmeJ68,6
1302,Bataljin Lawrence,fLcao3yM,6
1302,Zgirovsky Alexander,KfaXTAoh,6
1304,Kalina Vit,UXPWPwxL,6
1305,Bynoe Evan,O2C1CnwE,6
1305,Di Natale Gian Matias,f3M14gzr,6
1305,Kielan Szymon,fDAUM8wO,6
1308,Fondriest Matteo,WdYzil4Q,6
1309,Lanik Tomas,dEt28V56,6
1310,Ujvary Matthias,d6tOE9Yo,6
1311,Michalik Radovan,O0rfAiyf,6
1312,Del Pino Mateo,OYHus7D8,6
1312,Sciahbasi Lorenzo,p08bxsEl,6
1314,Van Emburgh Jake,YTm2IPGe,6
1315,Eysseric Jonathan,jVKIwt50,5
1316,Skorilas Alexandros,My3jE15n,5
1317,Kaliyanda Poonacha Niki,W4NlPRRA,5
1318,Sugaya Yusaku,GWdjkEk2,5
1318,Van Noord Niels Peter,IBK3Ldci,5
1320,Catarina Lucas,69dRrxLM,5
1320,Voisin Emilien,QqMsBMGR,5
1322,Perot Raphael,hAyWDlGJ,5
1323,Walch Antoine,OG90Rcq1,5
1324,Vasilev Alexander,MmYbRkbA,5
1325,Ivanovski Kalin,8jFgmHi2,5
1325,Tracy James,Q5tddYyP,5
1327,Siniakov Daniel,tnywi5XO,5
1328,Gannon Conor,WIpPkZv6,5
1329,Samuel Toby,rZVojxZe,5
1330,Turcanu Radu David,MZ0Nhqfn,5
1331,Vasquez Gehrke Alessio,bPoEQ3Zh,5
1332,Caruso Salvatore,UXJlgz7L,5
1332,Ribeiro Lago Elio Jose,fH7se5eb,5
1334,Hannestad Benjamin,dj37reBs,5
1335,De Alba Rafael,4QPwS6EF,5
1335,Sakharov Gleb,QekeNBtr,5
1337,Carbajal Alejandro Garcia,vXMNeAjJ,5
1338,Papoe Cezar Gabriel,C6SwJllS,5
1339,Hohmann Ronald,YuYFR8Q1,5
1339,Thomson Matthew,xYpQaT7o,5
1341,Augusto dos Santos Ryan,SEAHRANJ,5
1341,Sun Qian,Ofpgxefg,5
1343,Breazu Vlad Cristian,StZGGl50,5
1344,Bouchelaghem Cesar,t0g6qGNR,5
1344,O'Hoisin Osgar,rVV1hPHu,5
1344,Vojinovic Lazar,KGhfrUHh,5
1347,Puskar Samuel,lvN4nq68,5
1348,Kalender Admir,AXaTNFs4,5
1348,Moraing Oscar,f3b5CAx0,5
1350,Paardekooper Stijn,lCkF2LpF,5
1351,Kelm Yannik,pzgTXVpc,5
1351,Scaglia Mathieu,txt1SgPI,5
1353,Stanke Cedric,fmxa2NFm,5
1354,Carnevalle Lucio,6PaQCY75,5
1354,Chen Xing Dao,C6nls2md,5
1354,Krolo Filip,d8IymNAM,5
1357,Alkotop Mousa,lQifCFHO,5
1357,Gloeckler Michael,vJb68Btp,5
1357,Meneo Tadeo,OWQhlq64,5
1357,Sevilla Iker,nBquqfpl,5
1357,Valente Rocco,YkM7bHON,5
1362,Buitrago Nicolas,pQggSSBd,5
1363,Bianchi Juan Jose,EDJgjjDR,5
1363,Faurel Thomas,vgfc2Q2F,5
1363,Gola Andrea,GUQs3qWi,5
1363,Salazar Amador,29aozxDN,5
1367,Pel Stijn,SAiZFJPB,5
1367,Walters Marcus,ITigdhOG,5
1369,Chan Baratau Marcos Lee,69q0AWfa,5
1370,Waldner Niklas,xz4TEIlg,5
1371,Elamin Ammar,xf6qDqrq,5
1372,Bacaloni Andrea,C0oZl1Vf,5
1373,Cabral Francisco,0b07lcun,4
1373,Fuele Matyas,lz7cCFvD,4
1375,Brymer Gage,nJOl3jsa,4
1375,Ciurletti Andres Gabriel,Sj7xRgt7,4
1375,Kalovelonis Markos,4MyTo4ma,4
1375,Kuperstein Alex,KSTd7Ms1,4
1375,Murali Rohan,4UQrFWSL,4
1375,Stebe Cedrik-Marcel,dO5M6vuA,4
1381,Burnett Evan,tl3BC1BS,4
1381,Crespo Piedra Rodrigo,xjbRKwkb,4
1381,Gales Romain,vDKNJuwP,4
1381,Park Yong Joon,Gt8IJZRb,4
1381,Takeru Yuzuki,C2c2Bo6B,4
1386,Romboli Fernando,URBxmJo4,4
1387,Moret Joris,WAjwDOcR,4
1387,Nasridinov Amirkhamza,tnO5r9w9,4
1389,Bhat Aayush P,bXcqh5vG,4
1389,Leote Prata Vasco,K436gtlj,4
1391,Hoeyeraal Herman,jLKaYYXt,4
1391,Viiala Zachary,rw9a7Zph,4
1393,Brown Thomas,jZ8smL0l,4
1393,De Cuyper Julien,8EbpCHKp,4
1393,Laurent Thomas,Acsambyt,4
1393,Ocleppo Julian,2PD9fJuq,4
1397,Hands Tom,Y7UQaAen,4
1397,Zhang Yu,6ypLuTUr,4
1399,Faut Pierre Antoine,GWGHJUkB,4
1400,Ellouck Ron,MZSCzNLq,4
1400,Kucera Jonas,GUBaN5sq,4
1402,Roveri Sidney Gabriel,dzwwjKI6,4
1402,Stankovic Simeon,pOfJqQGb,4
1404,Basile Alessio,lnlvo9Fl,4
1404,Jones Scott,lfBsCT3B,4
1404,Nakashima Bryce,KYz9BztL,4
1407,Evans Gabriel,l8iYsFRb,4
1407,Lerby Christian,S8j3r9ld,4
1407,Matsuoka Shu,GtjW9UFk,4
1407,Vasa Iiro,UFqHRZIM,4
1407,Yamacita Fernando,Iw7Sb8nc,4
1407,Zamora Noah,K05vE3If,4
1413,Rodenas Pedro,xzmQlqAD,4
1414,Graca Joao,Aom6QDRp,4
1414,Karahan Atakan,4lwEAI73,4
1414,Kobierski Jan,2kKbQzHk,4
1414,Rengifo Frazier,x4ky17nI,4
1414,Sau Franco Alan,lMFrJCE2,4
1414,Yamasaki Jumpei,f7ntihue,4
1420,Gray Spencer,Krbqd1Ni,4
1421,Jilly Adam,fcrydRBG,4
1422,Hans Kabir,KQBXU38A,4
1423,Bennour Dit Sahli Anas,Q9lb3fJc,4
1423,Malaszszak Markus,W2w9KWsg,4
1423,Panarin Danil,xvHKvrJ5,4
1423,Parizzia Nicolas,zPzGK6wK,4
1427,Balciunas Manvydas,bHiWvsf5,4
1427,Juhas Kristijan,G0WthUCI,4
1427,Mokrov Aleksei,n1S7ar5D,4
1427,Stuurman Roland,Icouprr6,4
1431,Bagnolini Daniel,Wdu6xkFm,4
1432,Arseneault Mikael,AeqjajZ4,4
1432,Brkic Jerko,8G2XFstS,4
1434,Kountourakis Ioannis,AqJTOfTc,4
1434,Linde Palacios Samuel Alejandro,Of1uNU3t,4
1434,Okonkwo Oliver,8QMiwhqI,4
1437,Martinez Tomas,GWriQNLm,4
1438,Matthysen Leo,QuuESfkD,4
1438,Nedelchev Nikolay,GGuRjgnB,4
1438,Yu Bingyu,hjEy6kpK,4
1441,Ojakaar Oliver,IkMOT4kq,4
1442,Barki Nathan Anthony,va1peeF7,4
1442,Lane Lewie,I3n8uQMT,4
1444,Melero Kretzer Alejandro,4OHXFTUh,4
1444,Rispoli Nicola,SUcOXz8k,4
1444,Rocens Martins,0huENdL4,4
1447,Canter Alexis,hjnHiB49,4
1447,Gil Garcia Aaron,p0vJOXkg,4
1447,Horoz Alp,S6rPB8zp,4
1447,Minighini Daniele,KYnEHiGR,4
1447,Ratti Lucio,xdrR3fug,4
1452,Donders Dax,jgjYfyEt,4
1452,Spiridon Denis Constantin,QB72SD47,4
1454,Den Heijer Guy,z5Uq0h71,4
1455,Alvarado Berrospi Alberto Odiseo,p4m664jH,4
1455,Dimic Matic,4CvjSHip,4
1455,Falck Reece,8h0JLnjM,4
1455,Lagarrigue Leo,WKWJVbeg,4
1459,Caruso Antonio,8fhQ4xz8,4
1460,Aggarwal Parth,4AVHbyk0,4
1460,Agostini Simone,dOuptNAj,4
1462,Pampanin Pietro,QXYwMW3m,4
1463,Figl Maximilian,xEarjnsm,4
1464,Ianin Nikita,M9e0PJe5,4
1465,Franco Tobias,4fqGePGp,4
1465,Majdandzic Marc,M5eBpC0e,4
1465,Yang Jimmy,0INXGTO2,4
1468,Court Jayden,WxPx7ufj,4
1468,Torres Fernandez Benjamin Ignacio,4hJZBsG4,4
1470,Coman Mihai Alexandru,nukOjYPn,4
1471,King Evan,vwjbTFaf,3
1471,Stalder Reese,80Ff7szQ,3
1471,Tatlot Johan Sebastien,4naQTyY6,3
1471,Yam Chun-Ming,KCVWlweE,3
1475,Cox Daniel,4W7NNvGU,3
1475,Senthil Kumar Rethin Pranav,t0N6p5qp,3
1477,De Boes Maikel,z5Ni4stB,3
1477,Drzewiecki Karol,M3kvqxqL,3
1477,Hoole Casey,t0MM1bN0,3
1477,Rejchtman Vinciguerra William,G8C32J22,3
1481,Beckles Dillon,UDVyXyfD,3
1481,Gruenig Gian,CbNCwOAJ,3
1481,Massacri Benito,W4YmmUNf,3
1484,Apltauer Filip,Gjeit7zg,3
1484,Birrell Cade,thCLfPyN,3
1484,Bolla Andrea,dUuWn6Rb,3
1484,Boosarawongse Thanaphat,Sjf04mAc,3
1484,Tripathi Aadarsh,zi60ZMcC,3
1484,Woldeab Siem,W2pNYErk,3
1484,Yazdani Ali,K4Tc2jfo,3
1491,Huens Harold,0b5sfzUf,3
1491,Nad Peter,nwOVNoiE,3
1493,Perez Sanz David,Gd5Emcqo,3
1494,Forti Francesco,MF7nWtCA,3
1494,Hampe Stefan Peter,rLGGWyrO,3
1494,Hoyos Franco Alejandro,ADRYSe3k,3
1494,Koenig Luc,UwTAzmMu,3
1494,Lapadat Joshua,rwY3WpTr,3
1494,Novakovic Novak,2PbnIFkE,3
1494,Paldanius Oskari,UHNggJmS,3
1494,Photiades Photos,8MDFb6dU,3
1494,Ruland Lambert,6HH5efWS,3
1494,Siekanowicz Piotr,j91j8Frj,3
1504,Eichenseher David,SGBOqnWb,3
1504,Garay Valentin,AspJSEc3,3
1504,Martinez Mirko,EHhhbCfL,3
1504,Trouve Nathan,fJuKnGpR,3
1504,Weir Phoenix,lnWDBPTq,3
1509,Pang Renlong,SINykFHP,3
1510,Corbinais Sven,E9gYBvRE,3
1510,Djosic Nikola,pKKn1MDg,3
1510,Gretskiy Ivan,69ZOt3Ph,3
1510,Kissell Chad,lAc8357k,3
1510,Moghimi Sina,lKhnC8PC,3
1510,Seghetti Samuele,I7eVpPcR,3
1510,Stenzer Max,86FQm7BU,3
1510,Urrea Andres,GhPDOvZN,3
1510,Ymer Rafael,KhH073S2,3
1510,Zanada Edoardo,veJlVP2H,3
1520,Ferri Lorenzo,U5M8lpkl,3
1520,Garcia Paez Luis,OC44u6IN,3
1520,Herman Louis,COCrICEH,3
1520,Kumaran Bharath Nishok,IFE7gZdc,3
1520,Lanz Mischa,Q1Bh8Nhd,3
1520,Markov Viktor,fiDaVq9o,3
1520,Rahmani Kasra,dlVTglmB,3
1520,Silva Joao Dinis,pKOdmxhi,3
1528,Al Azmeh Taym,MDmSiU1i,3
1528,Jones Adam,rkYmJudK,3
1528,Muamba Nicaise,hbnMacPT,3
1531,Bilozertsev Nikita,6J2eXT05,3
1531,de Gabriele Alex,GjFNTtR2,3
1531,De Jager Jesse,QB9uYC08,3
1531,Hartenstein Jonas Pelle,SS1Gc5Ns,3
1531,Lestir Loan,6J0cK9b6,3
1531,Parenti Luca,nyCIM7MH,3
1531,Recek Dominik,WIdaNmI0,3
1531,Van Herck Louis,EgdMY46O,3
1531,Van Tilburg Ronetto,8pg3HzEj,3
1531,Werren Paul,CYMGwyrO,3
1541,Hanzlik Cash,Or2A39o7,3
1542,Bangoura Sekou,nLdayj1P,3
1542,Cizek Jiri,SYMFQe94,3
1542,Genov Anthony,82pryOVp,3
1542,Giraldi Carlos,ptvigA8S,3
1542,Nedev Dian,jemZN9vE,3
1547,Alvarado Patricio,d6v1MqQB,3
1547,Hoffmann Moritz,CYTKw5N6,3
1547,Remondy Pagotto Victor Hugo,GjgsP8uU,3
1547,Silva Tiago,2yVjvlg2,3
1547,Suarez Billy,Kz48SWmU,3
1547,Timini Andreas,ribEixGQ,3
1547,Valle Federico,MiUwICoc,3
1554,Gerbaud Thomas,0h2OUj3k,3
1555,Bieldiugin Tymur,MwHx7x4C,3
1555,Hsieh William,UixLDlT8,3
1557,Fahim Ilyas Milad,jPXXMR14,3
1557,Longwe-Smit Thando,v1cGmySG,3
1557,Markovina Duje,hneTUeYm,3
1557,Mazzola Filippo,nyTwr6bI,3
1557,Petrovic Drazen,WEEkc8ds,3
1557,Valsecchi Paul,tYRXScY0,3
1557,Woerner Paul,fD7b37la,3
1564,Zarate Carlos Maria,8WEmZwq6,3
1565,Lazarov George,U9FIQ6Nc,3
1565,Leather Joe,SrEXxqGP,3
1565,Wendler Filho Jefferson,zsFWsQ0B,3
1565,Zima Leopold,AalPwsST,3
1569,Angelini Lorenzo,vVczePaE,3
1570,Grevelius Erik,tYPwCDBJ,3
1570,Lechno-Wasiutynski Fryderyk,8UVBz17q,3
1570,Susanto Anthony,MuXYyBOc,3
1570,Tailleu Pierre Antoine,xzcDZbIN,3
1570,Toffanin Nicolo,nTRbZMhe,3
1570,Uta Daniel,2FmdT3Ft,3
1576,Frusina Alexander,SYj8i1Zj,3
1577,Jermar Jan,vs1EhcDS,3
1578,Onofrei Matei Cristian,xMam2GOr,3
1579,Cordoba Carles,63E7EP1C,3
1580,Asaba Abraham,lbXdK9yr,3
1581,Ibrahim Karim,vFVYOrwQ,3
1581,Jaisinghani Raghav,dCtAOHha,3
1583,Lopez Noah,xtEhyoWf,3
1584,Aitkulov Arslanbek,pYP7ltBs,2
1584,Andrade da Silva Lucas,junia1km,2
1584,Arribage Theo,2TsRnnT8,2
1584,Bowers Tyler,4CdL1qNN,2
1584,Byers Loren Thomas,fe1q9ukQ,2
1584,Cervantes-Huegun Inigo,j7pgoPXa,2
1584,Colby Ryan,fZRFe4NH,2
1584,Ferrer Guimaraes Roberto,j5gSC4G1,2
1584,Gerini Tomas,GjYVZVCs,2
1584,Henning Benedikt,0t7TR6io,2
1584,Hermans Mats,dAkHZSuL,2
1584,Ingildsen Johannes,dOpU5N1s,2
1584,Itsusaki Shion,AwzzQUB7,2
1584,King Kevin,Q5v2aUsC,2
1584,Lee Jeong Heon,zJ1Bxnnf,2
1584,Mashni Zaid,hKrhaYbn,2
1584,Montsi Siphosothando,MioaczSo,2
1584,Olaso-De La Rica Guillermo,WGfjEzVa,2
1584,Pagani Dante,fotxRUu1,2
1584,Reese Hunter,tljuAzE7,2
1584,Romios Matthew Christopher,YyEP8V5d,2
1584,Shyla Yaraslav,CbeHrM4a,2
1584,Wallner Mark,nshyOCCM,2
1584,Zormann Da Silva Marcelo,xQ61ApjA,2
1608,Britto Luis,xIW82Bqs,2
1608,Djonov Christian,6Z8e7Sbj,2
1608,Garcia Raul,vuM3iRh9,2
1608,Jecan Mircea Alexandru,UD9D7F8s,2
1608,Katayama Sho,UTm32g1c,2
1608,Matta Anders,rckw8LJq,2
1608,Morolli Alberto,zNUOFBnA,2
1608,Nunez Vera Alex Santino,02sRIYce,2
1608,Shibano Kosuke,xSarOuEH,2
1608,Stepanov Timofey,C8q6JDoF,2
1608,Zhao Lingxi,YarEPKSD,2
1619,Kalyaan As Kiruthik,YRVAxG70,2
1619,Bigun Meecah,IFsE2IX8,2
1619,Bogatov Daniil,8U3go6Q6,2
1619,Chen Yan Cheng,txqrVwV8,2
1619,Correa Beguerie Lautaro,Uwq1lawP,2
1619,De Filippo Edoardo,pGf0vbE7,2
1619,Han Xirui,MRzDkByR,2
1619,Johnston Noah,Uur39aU7,2
1619,Kelly Dayne,j7ZVvmga,2
1619,Kennedy Jack,xOCPnTJc,2
1619,Moroni Gian Marco,dUX6RapC,2
1619,Munk Mesa Bernardo,8pf3pQwi,2
1619,Pugh Harry,UHwVuhW9,2
1619,Rodriguez Sebastian,4voLUPU0,2
1619,Shebekin Grigory,QsEbTSZ0,2
1619,Shirokyi Dmytro,b3MXkEh4,2
1619,Takahata Riku,v9MWjHKS,2
1619,Vasami Jacopo,MaKQfer1,2
1637,Agabigun Sarp,jN7RZbmb,2
1637,Bazilevskiy Vladimir,jqtWmn0J,2
1637,Berge Alejandro,2ZVjNfc6,2
1637,Jans Jarno,GhdpAvaF,2
1637,Kam Alan,4Y4dih2S,2
1637,van Loben Sels Emon,fayGCEEJ,2
1643,Beraldo Lorenzo,MDwB1jo1,2
1643,Bessonov Dmitry,SrjIZjFE,2
1643,Farag-Cao Adam,zql4SePH,2
1643,Haviland Ryan,OMBf8KHB,2
1643,Iakubenko Volodymyr,r7AzIfZ8,2
1643,Klaassen Stian,lYUblPQc,2
1643,Kodancha Srinivasan Dheeraj,WAmGh3ZE,2
1643,Koistila Larsson Kenzo,GnBCQ2J3,2
1643,Leal Vitor,YebWQmXg,2
1643,Lemstra Kai,EZgRHDHA,2
1643,Ljubojevic Aleksandar,nDrzFNoP,2
1643,Michnev Petr,xfLfCZcn,2
1643,Milic Ognjen,06Zumgy7,2
1643,Naumovski Mason,Ov4YS8UC,2
1643,Oki Yuto,WfD31n58,2
1643,Oliveira Nicolas,h6ZlOpen,2
1643,Poritzky Elijah,I7vaVYzO,2
1660,Cheng Jack,zavCTmpS,2
1660,Cohen Aaron,vyE4HZpS,2
1660,Hendrikx Jim,vohHmoZS,2
1660,Karthik Pranav,80MngSAF,2
1660,Mayew Ian,Ao4wgsg3,2
1660,Schlagenhauf Noah,bsmxdjuU,2
1660,Shumilov Eyal,0besoM48,2
1660,Vaitiekunas Pijus,0fByWgGD,2
1668,Alberti Filippo,2BNItJWE,2
1668,Bara Filip Gabriel,KAxlFKBh,2
1668,Bruce Connor,CCULO2vS,2
1668,Cattaneo Leonardo,OK8cqLIN,2
1668,Chepik Alexander,U3iqgssA,2
1668,Chu Seokhyeon,d4bVyM3n,2
1668,Divar Carlos,6DQTMzLc,2
1668,Domingos Daniel,0KbOBQFc,2
1668,Ilhan Marsel,vgtCoka3,2
1668,Juan Mano Alejandro,vuRxHO7G,2
1668,Kim Jae Hwan,IixwQcpE,2
1668,Koaykul Krittin,jZToCLWe,2
1668,Kremenchutskyi Ivan,AcjkAzPN,2
1668,Larwig Noel,dUoUykeD,2
1668,Mayew Will,UZAFD00K,2
1668,Miklavcic Luka,tpESWhWC,2
1668,Osti Fabrizio Karol Pio,QwAFK59a,2
1668,Plans Jorge,6DSV0BW2,2
1668,Pourroy Loris,YXwFivIC,2
1668,Reveniau Simon,tKWMyzHi,2
1668,Shepp Anton,Ewcd2IBp,2
1668,Sibanda Mehluli Don Ayanda,YqzxWNjr,2
1668,Smoliner Tobias,rmvzErOq,2
1668,Sonne Tobias,nLaNJToi,2
1668,Tadic Vladan,0WeldeOG,2
1668,Trkulja Sasha,tfp2N52p,2
1668,Tsirikidze Venedikt,I5EW59Z5,2
1668,Velcz Zsombor,fcrdtbgr,2
1668,Voljavec Antonio,Y1EdzIAQ,2
1697,Cherie Ligniere Edoardo,zPyrwra7,2
1697,Chin John,dbMY3RQ5,2
1697,Cossu Milledge,r5IPCggq,2
1697,Guzauskas Gabrielius,OAtZigBs,2
1697,Tomida Yuta,h2BB9Wtk,2
1697,Vaccari Ludovico,dlg0Isxj,2
1703,Caldes Jaime,6B9pwYNt,2
1703,de Marchi Andrea,vDGADPSe,2
1703,Gaal Corey,Mmaa1bJr,2
1703,Haita Stefan Horia,WALDYu9U,2
1703,Horak Ondrej,SWIBL7pj,2
1703,Houghton George,h4kz56wP,2
1703,Jorgensen Sebastian Grundtvig,G0KD8WGp,2
1703,Mansilla Diez Mario,SKSroHfp,2
1703,Markovits Milan,GShmxJ2U,2
1703,Mroz William,69kSNYvr,2
1703,Phillips Joseph,lhBha7x8,2
1703,Planella Hernandez Sergio,CEhsitGE,2
1703,Pop Darius Florin,lYln4WVt,2
1703,Rodrigues Laelson,2ehGo09q,2
1703,Seleznev Bogdan,WKnDY9gg,2
1703,Takamisawa Taketo,6Rgp7fHr,2
1703,Van Der Merwe Marc,U5g7txGl,2
1703,Vickery Lachlan,6DNkbvP6,2
1721,Hernandez Cortes Bryan,xW0tFGxJ,2
1721,Jakic Marino,OCn8yHyL,2
1721,Ozdemir S Mert,f1JkpApb,2
1721,Tremblay Dorian,tE6wgywl,2
1725,Alhogbani Anmar Faleh,dEdGNP6F,2
1725,Bartakovics Marcell,MofMzBkT,2
1725,Crisostomo Giacomo,IDWqEeq2,2
1725,Finkelstein Alex,Wfq8Jqg0,2
1725,Kokot Bruno,800bjZ8D,2
1725,Mehrotra Arjun,EaFX6VUD,2
1725,Nortey Isaac,OvbtMgZ6,2
1725,Petak Denis,0S2PwOHm,2
1725,Philibert Nicolas,2TpVIUZM,2
1725,Vanta Valentin,2wilHmuO,2
1725,Verbeek Daniel,QXIc4ahL,2
1725,Zhang Changli,hfYh4xXi,2
1725,Zhang Jeremy,A5fUbwGr,2
1738,Miceli Marco,YJUTYE2b,2
1739,Battiston Alessandro,nVq6DVAK,2
1739,Bueno Gil Alvaro,xnf5A8nI,2
1739,Fu Hong-Lin,z9bZygts,2
1739,Ganta Sai Karteek Reddy,KECAWXAg,2
1739,Ito Tatsuma,vZejLcgi,2
1739,Kazakov Ivan,GO8e1q7a,2
1739,Kumstat Jan,tpkd9exs,2
1739,Loureiro Joao Victor Couto,ALHnsNkp,2
1739,Lucero Joel Angel,jLYhTkKu,2
1739,Mehra Rohan,dWPawJxp,2
1739,Milushev Amir,A3JZ8S3t,2
1739,Nanobashvili Saba George,dCoi63z4,2
1739,Vaksmann Raphael,jHHShzgF,2
1739,Virgili Berini Felipe,21rv7QvC,2
1753,Alvarez Marco,f7eRTeGm,2
1753,Alvarez Sarmiento Mateo Luis,6y8oPBHF,2
1753,Arinc Kaya,ncP0sjSF,2
1753,Bancalari Alejandro,xh8fDOL3,2
1753,Batista Daniel,zm7fKAeU,2
1753,Calzi Raphael,EgMMxN3A,2
1753,Cervantes Tomas Luca,S2msR126,2
1753,Fossati Carlo Alberto,YHcArcMi,2
1753,Furlanetto Marco,Qu2eP71B,2
1753,Garcia Longo Nicolas,UulpdgUN,2
1753,Hayashi Kohei,hltZDcS2,2
1753,Larue Louis,0Crv1723,2
1753,Matuszewski Gabriel,CYvVxRcF,2
1753,Mikovic Nik,2Hnw1ED2,2
1753,Papac Tomislav Edward,AgTo8UFi,2
1753,Pinter Piet Luis,nNivu8Mt,2
1753,Tabacco Giorgio,OvVukjgr,2
1753,Tresca Giuseppe,fJEyXNzt,2
1753,Van Sambeek Fons,fq7a2bME,2
1753,Zusman Richard,4fReh8GM,2
1773,Alam Peter,hfjHZWAB,2
1774,Benaim Max,nVdEcWVS,2
1774,Cabrera Miguel Angel,0ON0GBsh,2
1774,Fernandes Rodrigo,jgNaariR,2
1774,Fita Juan Sergi,l0cjOVWL,2
1774,Han Seon Yong,fm4FhY4s,2
1774,Zhang Linghao,A9gjOFBj,2
1780,Panaras Adam,zcsW8gDb,2
1781,De Dios Felipe,8zgPhLcd,2
1781,Lavizzari Matteo,pEsrQubA,2
1781,Reddy Rishi,UVNWOxqt,2
1781,Shaw Michael,fN6U7oa7,2
1785,El Sallaly Akram,EsIipRNp,2
1785,Iamachkine Petr,2HakHvFC,2
1785,Volpi Gabriele,IZ4PXFI3,2
1785,Zeitune Maximo,WdYRQhSF,2
1789,Aleshchev Alexey,QyfMlesG,2
1789,Avcibasi Toprak,z9PyOsjt,2
1791,Abdullin Alan,MT9NcLOs,1
1791,Alam Shaheed,YsPcQwBp,1
1791,Al-Amin Karim,GG8lfdC0,1
1791,Alexandrescou Yannick Theodor,t89u7NAc,1
1791,Aytekin Mert,EqOWgwO6,1
1791,Baldoni Stefano,xCN08rqJ,1
1791,Beltran Rubio Michael,YF3THLHL,1
1791,Berghaus Mika,6m451Df3,1
1791,Blaydes Freddy,dMlewkh6,1
1791,Bramajo Santiago,MPIfryWu,1
1791,Bredschneijder Mats,IB3ikRvB,1
1791,Bullard Jacob,h66uA5fE,1
1791,Car Hugo,djjekKiD,1
1791,Carlsson Seger Timothy,WtpFlAS5,1
1791,Chacon Huertas Roberto,4QKNmlWk,1
1791,Chan Duncan,WbPnrHPc,1
1791,Cheng Siu Chi Nicholas,vu1VK1Ps,1
1791,Cocola Sebastiano,Gb9Iyj9K,1
1791,Colas Sanchez Alberto,pCg703FC,1
1791,Cordova Francesco,pzDka5H0,1
1791,Correia Jordan,pOJWNp2o,1
1791,Delgado Andrew,zHRwqwvk,1
1791,Di Nicola Gianluca,Mmw1zmNr,1
1791,Donarski Sid,MHMym2lh,1
1791,Dong Bohua,QZDItZ9K,1
1791,Dreer Felipe,4CT1MUUq,1
1791,Dussault Maximus,40NHhQIU,1
1791,Glomb Alexander,zLuBB7gm,1
1791,Goldhoff George,plmKBZsF,1
1791,Govila Aditya,CrIH2KNA,1
1791,Gregg Perry,COzV7Ikt,1
1791,Hanchaikul Patorn,AXfvfJkg,1
1791,Hashimoto Hugo,IXuwiDQm,1
1791,Hausberger Gregor,QotWg4nM,1
1791,Hirpara Dhruv,0UFVJe2Q,1
1791,Humpfner Kevin,0x4hNwOR,1
1791,Jara Lozano Nicolas Alberto,EwVx0Llg,1
1791,Jimenez Michael Dylan,YX4IReQ4,1
1791,Kang Ku Keon,nwoerGzi,1
1791,Kim Dong Ju,IsiGy610,1
1791,Kono Yuhei,CzZgUjd0,1
1791,Lai Jasper,KnjegT8d,1
1791,Lhomond Isaac,254RFKpQ,1
1791,Long Dylan,Yiryc9d5,1
1791,Lopez Villasenor Gerardo,zgGLWglR,1
1791,Lorens Mikolaj,jcfHchtC,1
1791,Maftei Mihnea,xMRdgxw3,1
1791,Makk Peter,fmvttjEp,1
1791,Malgiaritta Maurus,dKEDSvdN,1
1791,Mandou Berranger Igor,02eg36m9,1
1791,Martinovic Mateo,zL0zcsaF,1
1791,Massara Antonio,ITJaf71f,1
1791,Meszaros Patrik,Y16UilWQ,1
1791,Muto Shu,MomJBlQt,1
1791,Nhavene Bruno,v3AruoCm,1
1791,Novo Ignacio,O0uIHFJc,1
1791,Olivetti Albano,fR5wj1tE,1
1791,Orlov Alexander,O6PgFJmT,1
1791,Palovic Lukas,ruoJQPB7,1
1791,Pinzon Moreno Felipe,61136rH3,1
1791,Primucci Leonardo,jivWFaQH,1
1791,Rast Emil,jcRhPegd,1
1791,Ravichander Ishaan,SvwtYR6N,1
1791,Rengel Sierra Tomas,GjKlLl1p,1
1791,Rettke Vincent,4fXFgxj3,1
1791,Rocci Matteo,YXbtn8zn,1
1791,Sadaoui Mehdi,I3xcIhW3,1
1791,Sancho Arbizu Daniel,Mu6PVuS1,1
1791,Sanghera Tiran,29a39aZH,1
1791,Santoni Edoardo,bZGBsvPC,1
1791,Satterfield Jack,QFs8RnBm,1
1791,Schinnerer Kase,dSqeBLae,1
1791,Scomparin Pietro Romeo,25ZK4mt1,1
1791,Secord Jack,8GIYhZCD,1
1791,Shoemake Hayden,MJQD3yc3,1
1791,Sonesson Lidholt Olle,OEPHvGAe,1
1791,Sorensen Luke,06PKGjCa,1
1791,Sugimoto Kazuki,2DWRRjse,1
1791,Sun Zhengyu,46E4k9Kk,1
1791,Swenson Bjorn,UokKGj9P,1
1791,Tacchi Luciano,rqs2cuVm,1
1791,Thurner Dean,tY843DW3,1
1791,Uzhylovskyi Volodymyr,fLC4aV3D,1
1791,Vazquez Felipe,4856MeZG,1
1791,Vidal Nicola,8pHiwcpS,1
1791,Villar Max,2PAUL8K8,1
1791,Wensley Sam,YVL6D9Ts,1
1791,West Dominic,UPnNGBjp,1
1791,Westphal Max,E51VeuLt,1
1791,Wojnar Bartosz,Q9J8RAVi,1
1881,Allen Louis,QRVZV5wP,1
1881,Antonopoulos Christos,QkLUHv7q,1
1881,Banti Cosimo,lQSMsaO5,1
1881,Benes Martin,2P2rwyA5,1
1881,Berard Tristan,6qA19GcN,1
1881,Betancourt Patricio,Gr5ZwLOG,1
1881,Bluett Luca,YRyR9k5T,1
1881,Bogomolov Artem,dCPluKTq,1
1881,Boogaard Thijs,O02GvXKb,1
1881,Bothma John,xfaTmKNE,1
1881,Braswell Jonah,bROAKjIL,1
1881,Bretin Timeo,jBv50gDc,1
1881,Burdet Adrien,AFdrt6oC,1
1881,Callerio Filippo,MiEaXpld,1
1881,Campese Cristian,f5fzLiUB,1
1881,Casper Luke,no0RlXep,1
1881,Chauhan Hitesh,4btlCnYb,1
1881,Chung Hong,fmBZClFn,1
1881,Costanzi De Brito Henrique,W00NeoN5,1
1881,Doig Connor,M72gsGnn,1
1881,Dolzhenkov Dmitry,MR8nWESA,1
1881,Dominguez Alonso Jose,bVTzARXl,1
1881,Ender Paul,SQYM3g42,1
1881,Exsted Maxwell,jZliL4Qt,1
1881,Fumeaux Juan Martin,25qElZ27,1
1881,Gabriel Noah,YR1wBHvB,1
1881,Gaillard Marc Antoine,IPMn1Xu2,1
1881,Godsick Nicholas,GMgMYeVu,1
1881,Goldberg Alviani Nicolas Rafael,YwMPXcvL,1
1881,Gomez Osorio Aydan,6XEVIZGF,1
1881,Heng Nicholas,lKcWJ98f,1
1881,Hernandez Mariona Kaeri,jskaGBPe,1
1881,Horve Lucas,ttMSFgxM,1
1881,Huber Dario,KnBAJOIn,1
1881,Ivanov Mihail,z57ikdz7,1
1881,Ivashka Ilya,nkLki9VA,1
1881,Josserand Mathieu,buzTt3pO,1
1881,King Darian,SloHORkg,1
1881,Kisantal Botond,4b8tiN3f,1
1881,Klimas Jan,G84zExoJ,1
1881,Koons Holden,fPt3JCZT,1
1881,Kudernatsch Moritz,WrcgwbjT,1
1881,Leach Jagger,f5AtpJOr,1
1881,Li Wenfu,zmz6ivhC,1
1881,Lima Eduardo,2emh8GNe,1
1881,Lopez Escribano Alejandro,44T7xe0B,1
1881,Makke Louay,MqxQPpv1,1
1881,Malirz Karol,CYxCB756,1
1881,Menichella Stefan,KQykV36i,1
1881,Mesarovic Marko,IeLrqcAi,1
1881,Michocki Przemyslaw,6NLVydz7,1
1881,Molino Javier,6Jer6sdh,1
1881,Motta Andrea,QoIsrZWp,1
1881,Mubarak Abdulhamid,MLnKFArf,1
1881,Murray Freddy,rco5jjRS,1
1881,Nikolic Marko,6qzxlZL0,1
1881,Obrul Lun,n94jwBLe,1
1881,Olivera Sebastian,QwCmioMo,1
1881,Ou Shan-Yuan,EkarHjV1,1
1881,Pawlak Piotr,hGXPmnRo,1
1881,Pham Hien,848rfjEg,1
1881,Ramirez Cesar,8EeD6HH5,1
1881,Ratiu Niels,Sfntywpn,1
1881,Razeghi Alexander,SnQNgrhU,1
1881,Roothman Carl,8z2KnesN,1
1881,Rousseau Hillel,Q5ZqQ4lE,1
1881,Sabanin Yan,j7KLz3vg,1
1881,Santos Gava Kaua Lorenzo,GMXt7Ge9,1
1881,Sheldon Max,2FFwjNWM,1
1881,Sheldon Mitchell,8j5couw1,1
1881,Shrolik Igor,GloVqgIE,1
1881,Son Ji Hoon,Ackhrttj,1
1881,Steinbach Andre,OMqKoxFH,1
1881,Steinegger Yannik,ryXdbkxH,1
1881,Tabata Ryo,U5FLD1gn,1
1881,Taddia Leonardo,2sT488d6,1
1881,Teboh Etienne,Ac7sAb9R,1
1881,Thayne Wally,j9pjTgla,1
1881,Thomas Flynn,xxlIC1v1,1
1881,Ubri Yubel,27wjVgle,1
1881,Van Rensburg Sean,juyEs72A,1
1881,Williams Aaron James,KKH3SOli,1
1881,Zeitune Gonzalo,Q37OkBee,1
1881,Zhao Zhao,ClSRoqhL,1
1965,Adam-Gedge Zachary,drnCehKI,1
1965,Aguilera Guerrero Emiliano,QeKyshfR,1
1965,Alarcon Benjamin Denis,WIE1Dhl9,1
1965,Alonso Miguel Angel,252amJ45,1
1965,Baker Carson,CIUEyzN6,1
1965,Bhatnagar Shivank,fycMdS8H,1
1965,Braga Victor,80xX7VJ9,1
1965,Breazu Matei Florin,Ec3yL5V1,1
1965,Cham Elijah,GlCDcYOG,1
1965,Chekhov Anton,0MDaQzZm,1
1965,Chelia Benjamin,Ee6VAU16,1
1965,Christoforakis Pavlos,zosZb8qI,1
1965,Clark Miles,QHQi3Vri,1
1965,Colombo Andrea,xGAD77SB,1
1965,De Lange Pieter,OOQMaOyN,1
1965,Dumitru Marin,On4r5ufH,1
1965,Fassbender Boris,0zb1v2wP,1
1965,Fekete Janos,OKukHTrQ,1
1965,Ferraz Sandoval Carvalho Luis Felipe,K2f2ycFB,1
1965,Gaillard Timeo,zBC4v5dK,1
1965,Garcia Miguel (1996),tz6C2Od2,1
1965,Gasimov Kanan,l0gpIRPI,1
1965,Gaxherri Syl,d0mA8tPh,1
1965,Goodger Joshua,S0nUJHwj,1
1965,Harris Matthew,v9Czn19d,1
1965,Hayen Alejandro,vDETFM7I,1
1965,Herrmann Theo,nBuUYktk,1
1965,Horiuchi Ryusuke,nkyS6JBT,1
1965,Jucha William,C2jZg2Ae,1
1965,Karra Tarun,lvGiZ6Jq,1
1965,Kastsiukevich Ruslan,INa8MR13,1
1965,Kim Jangjun,YgQs933D,1
1965,Konovchuk Vadym,rBz6gU9h,1
1965,Kovac Tilen,ImiyW9F9,1
1965,Koyama Hiromasa,lMQ1mPlU,1
1965,Lacides Oscar,6y2gxfIN,1
1965,Lage Castelan Lance Amaury,A1LAf7i5,1
1965,Lee Junhyun,IHcfkie0,1
1965,Lee Mitchell,IaDjzQaG,1
1965,Li Zhe,vDaLIsi2,1
1965,Liu Shaoyun,YyGmRSCL,1
1965,Maginley Jody,UPW3BNse,1
1965,Mahjoob Cyrus,GEe5Csf8,1
1965,Malakhovich Mikhail,bRzUm40e,1
1965,Mallory Richard,QZgW00J1,1
1965,Manning William,27BNa5to,1
1965,Marosik Norbert,jgZqAucT,1
1965,Mouhan Ahmed,Y7KCfNQA,1
1965,Ouzilou Hugo,tKaWBeMu,1
1965,Pade Charlie,byYITjP2,1
1965,Petit Lenny,AXSI1dlC,1
1965,Politowicz Marcel,6ZkBMY3h,1
1965,Portugal Afonso,n9DiAwMT,1
1965,Prat Antonio,QoAf4hPu,1
1965,Sanchez Manuel,AwOGh03m,1
1965,Saye David,f5MrONli,1
1965,Schaer Jonas,KMmbxPE0,1
1965,Sengul Bora,6a7UoSFK,1
1965,Sroka Milosz,pfZtTOG5,1
1965,Stephens Zach,ph0ysxJr,1
1965,Tsitsipas Petros,v9LewqHa,1
1965,Van Zijl Twan,00Cwg3ZF,1
1965,Verdes Eric David,Sxs6CuII,1
1965,Vitter Benjamin,YT2X9dTE,1
1965,Vukadin Noa,C4FsEz63,1
1965,Yadav Yash,IabTGvO0,1
1965,Zhzhenov Konstantin,SGLJ8Bkm,1
1965,Zick Sydney,IkhIpuQq,1
2033,Ahouda Walid,EeytJKyP,1
2033,Ananth Mani Muni,WCCKrwqh,1
2033,Arcuschin Romeo,GdlnfG2M,1
2033,Baranec Dusan,6J8xcMAB,1
2033,Ben Abdennibi Sami,h6KcJzJK,1
2033,Bermejo Facundo,IXaDUXO4,1
2033,Chaurasia Yash,zczXtSCR,1
2033,Ciocanu Aurel,IXfSjsMS,1
2033,Cooper Stefan,zLw45Z1i,1
2033,Corthey Lautaro Agustin,KrQwfhUh,1
2033,Dell'Elba Vito,r5IuP8xT,1
2033,Dhokia Rahul,pUIZMoXd,1
2033,Farzam Matisse,dOFwzFFb,1
2033,Foley Patrick,fiYROmUk,1
2033,Garbero Federico,UyIrZGLb,1
2033,Hadzimehmedovic Romeo,nRm1k669,1
2033,Homola Patrik,t4ZKowGO,1
2033,Ibrakhimov Rakhimbek,fqVc9m43,1
2033,Jones Alex,IBUlazRb,1
2033,Joyce Jarrod,rkkWjNOb,1
2033,Kapasi Kabeer,IPKoN3g3,1
2033,Kobelt Alex,feQh5PI9,1
2033,Lyeons Jaycer,Ovvb74RN,1
2033,Maggs Alexander,KzBdVHd8,1
2033,Marincas Daniel,dGZjh7Aq,1
2033,Mischker Felix,OrgiiPNu,1
2033,Mishkin Kirill,hrv2ilFf,1
2033,Pagnacco Felipe,AFe3BFUn,1
2033,Portugal Joao,YZcNMOs1,1
2033,Qabazard Essa,xQ2ku67M,1
2033,Rating Nico,QoCnhFa6,1
2033,Rice Keegan,v9l6lgH5,1
2033,Segura Matthew,pAOZYGya,1
2033,Stearns Preston,v7FrFmhd,1
2033,Tumasonis Gabriel Pascotto,8EzX3X3C,1
2033,Verwerft Lars Goran,6RjNgISi,1
2033,Wagner Alexander,v1OQtbtG,1
2033,Weintraub Ben,ne7aMxS7,1
2033,Yilmaz Kerem,vwnrnwgb,1
2033,Zhang Minghui,8GUCRr5R,1
2073,Amoros Ramos Pol,d80sKdEU,1
2073,Christodoulou Stylianos,YXWWUCzS,1
2073,De Giorgio Pasquale,KrBATg3i,1
2073,DeSousa Julian,AD0LaVVS,1
2073,Einig Felix,ttnQQ2uA,1
2073,Goldsteiner Peter,dKYgBdVe,1
2073,Gray Timothy,KMlJaTrj,1
2073,Hartig Ruben,pQHTEm9B,1
2073,Haupt Henri,dSNJaFJ9,1
2073,Jedrzejczak Jakub,tzMeraTh,1
2073,Kamath Madhwin,2yZZLIdF,1
2073,Kozlov Boris,8d3Xi6BK,1
2073,Kroslak Jakub,Mar1RJml,1
2073,Lazic Manuel,xM59oYRK,1
2073,Lock Courtney John,nsVvQFnp,1
2073,Maguire Cian,Wz5sAdiD,1
2073,Mikovic Milos,0n5Jfuhq,1
2073,Nestola Fabio,WdKdzD07,1
2073,Opitz Jannik,E5YaDhL0,1
2073,Perez Ivan,CvAfU8Kf,1
2073,Pohjola Peetu,xAgK0KZK,1
2073,Sakagawa Hiroki,rDekx5P4,1
2073,Sakellaridis Michalis,WIQm50nH,1
2073,Statham Mikal,Eg1NJVMr,1
2073,Torcq Benoit,vs0tWpMK,1
2073,Urvaneja Breno Rossetto,ryYHrKk2,1
2073,Vakili Kian,CdVL9lR8,1
2073,Vales Vojtech,GMLaN2X6,1
2073,Villard Niels,Kjn30a8o,1
2073,Wojcik Jakub,jLdyM9hg,1
2073,Yerdilda Yerassyl,Ic6VvuxD,1
2073,Zuniga Garcia Benjamin,tAIEmgn9,1
2105,Bravo Alexander,MN2xel0B,1
2105,De Klerk Reuben,ALCznbhR,1
2105,Filin Nikita,OIm92RvA,1
2105,Giovannini Umberto Maria,IDunHMOG,1
2105,Guercio Lucca,d0NYRAQf,1
2105,Gundacker Jonas,4xuzgO1S,1
2105,Gusic Wan Benjamin,Yc6UrmQ2,1
2105,Hooper Luke,QJTh59Dp,1
2105,Jauregui Sainz De Rozas Rodolfo,UZrhfUyj,1
2105,Jin Jeremy,tKsfRTFk,1
2105,Kesharwani Maan,0hA42uF9,1
2105,Krapivin Maxim,G0uzJSsF,1
2105,Meduri Andrea,rwufbFbN,1
2105,Nakamura Ren,dvmmXkyH,1
2105,Pokotilov Boris,fJvUxXvo,1
2105,Roh Hoyoung,hnerZcpL,1
2105,Segado Esteve Rafael,lWaK1N3c,1
2105,Taka Yua,G88vgoP9,1
2105,Vasiliauskas Matas,Ct5VLXE5,1
2105,Vishal Balsekar Aditya,CKsfstij,1
2105,Vishnick Daniel,SvASj8J1,1
2105,Xu Weitao,4Oi8Q4lk,1
2127,Delgadillo Andres,CrnLsA8k,1
2127,Delicata Liam,K4e8bqHl,1
2127,Galimardanov Oscar,bZm74d1M,1
2127,Hellum Lilleengen Lukas,zVJ4aZfI,1
2127,Hollender Nicolas,63EXsELi,1
2127,Jankanj Vlado,Gh6HNl7C,1
2127,Martinez Louroi,n7z5wmMs,1
2127,Nesterov Alexey,EFQOl7eR,1
2127,Ponchet Matt,xWfFpjpE,1
2127,Pujol Navarro Bruno,Wr8jLKt8,1
2127,Schold Tommaso,pSHXRZQ0,1
2127,Suzuki Ko,lhPm8TX4,1
2127,Valdoleiros Guilherme,S8jQVcaF,1
2140,Bogo Enrique,llWXjyI5,1
2140,Colne Nicolas,A1rAoVs9,1
2140,Khamis Yusuf,M58tMUOM,1
2140,Roberts Justin,EwYJl4oR,1
2140,Shanmugam Abhinav Sanjeev,40UJWYc3,1
2140,Vasser Oren,fwAGPMY9,1
2140,Zheng Zhan,Krhoomml,1
2147,Collignon Kylian,6Bvtbqg4,1
2147,Karlsson Wistrand Jack,YiiBQ1jp,1
2147,Piatti Rocco,UqSfnnXG,1
2150,Bladelius Henrik,67l15jBq,1
2150,Jovic Nikola,tndqn57N,1
2150,Konov Samuil,0xBOXJjI,1
2150,Schinteie Gheorghe Claudiu,YHSA09gB,1
2154,Marques Goncalo,AXYeWJrG,1
2155,Kostic Stefan,GMR842O4,1
2155,Southcombe Mattias,zyfEaPfc,1
